date,code,high,low,open,close,adjust,volume_match,value_match
11/8/24,E1VFVN30,23.27,22.91,23.26,23.04,23.04,182000,4208000000
11/7/24,E1VFVN30,23.46,23.22,23.46,23.27,23.27,80900,1885000000
11/6/24,E1VFVN30,23.33,23,23,23.33,23.33,336900,7798000000
11/5/24,E1VFVN30,23.05,22.99,23.03,23,23,168900,3886000000
11/4/24,E1VFVN30,23.3,22.6,23.23,23,23,285800,6584000000
11/1/24,E1VFVN30,23.38,23.14,23.35,23.23,23.23,222800,5188000000
10/31/24,E1VFVN30,23.49,23.25,23.35,23.43,23.43,117400,2744000000
10/30/24,E1VFVN30,23.43,23.23,23.34,23.35,23.35,355100,8280000000
10/29/24,E1VFVN30,23.39,23.25,23.39,23.31,23.31,134800,3142000000
10/28/24,E1VFVN30,23.36,23.13,23.31,23.18,23.18,479200,11103000000
10/25/24,E1VFVN30,23.4,23.16,23.4,23.31,23.31,1147500,26665000000
10/24/24,E1VFVN30,23.63,23.29,23.61,23.29,23.29,464700,10887000000
10/23/24,E1VFVN30,23.69,23.45,23.69,23.62,23.62,234100,5514000000
10/22/24,E1VFVN30,23.84,23.5,23.84,23.68,23.68,314100,7443000000
10/21/24,E1VFVN30,23.93,23.7,23.93,23.7,23.7,489800,11653000000
10/18/24,E1VFVN30,24,23.8,24,23.93,23.93,168900,4039000000
10/17/24,E1VFVN30,24,23.56,23.7,23.78,23.78,563100,13328000000
10/16/24,E1VFVN30,23.75,23.61,23.7,23.7,23.7,276900,6554000000
10/15/24,E1VFVN30,23.92,23.68,23.77,23.72,23.72,337900,8026000000
10/14/24,E1VFVN30,24,23.77,23.85,23.77,23.77,213300,5103000000
10/11/24,E1VFVN30,23.84,23.7,23.82,23.83,23.83,149800,3560000000
10/10/24,E1VFVN30,23.93,23.71,23.71,23.8,23.8,124300,2965000000
10/9/24,E1VFVN30,23.72,23.43,23.58,23.72,23.72,302500,7130000000
10/8/24,E1VFVN30,23.53,23.31,23.41,23.5,23.5,223100,5217000000
10/7/24,E1VFVN30,23.57,23.25,23.38,23.41,23.41,142800,3341000000
10/4/24,E1VFVN30,23.68,23.38,23.68,23.38,23.38,139400,3277000000
10/3/24,E1VFVN30,23.94,23.55,23.78,23.68,23.68,125400,2979000000
10/2/24,E1VFVN30,23.81,23.58,23.81,23.78,23.78,188000,4450000000
10/1/24,E1VFVN30,23.96,23.7,23.7,23.81,23.81,312500,7457000000
9/30/24,E1VFVN30,23.68,23.55,23.68,23.65,23.65,127600,3010000000
9/27/24,E1VFVN30,23.8,23.56,23.7,23.68,23.68,325400,7701000000
9/26/24,E1VFVN30,23.79,23.46,23.46,23.7,23.7,720700,17022000000
9/25/24,E1VFVN30,23.49,23.28,23.28,23.46,23.46,1206700,28260000000
9/24/24,E1VFVN30,23.28,23.07,23.11,23.28,23.28,144400,3340000000
9/23/24,E1VFVN30,23.28,23.07,23.2,23.11,23.11,570600,13192000000
9/20/24,E1VFVN30,23.3,23.02,23.02,23.2,23.2,575900,13381000000
9/19/24,E1VFVN30,23.02,22.9,22.94,23,23,110100,2528000000
9/18/24,E1VFVN30,22.99,22.72,22.82,22.94,22.94,171500,3915000000
9/17/24,E1VFVN30,22.82,22.39,22.51,22.82,22.82,88600,1991000000
9/16/24,E1VFVN30,22.65,22.4,22.62,22.54,22.54,295900,6676000000
9/13/24,E1VFVN30,22.8,22.57,22.8,22.61,22.61,273900,6194000000
9/12/24,E1VFVN30,22.72,22.65,22.7,22.72,22.72,253100,5741000000
9/11/24,E1VFVN30,23,22.45,22.75,22.71,22.71,252400,5683000000
9/10/24,E1VFVN30,22.92,22.58,22.85,22.75,22.75,140400,3189000000
9/9/24,E1VFVN30,22.89,22.74,22.89,22.85,22.85,307500,7007000000
9/6/24,E1VFVN30,23,22.79,23,22.92,22.92,417300,9548000000
9/5/24,E1VFVN30,23.09,22.81,22.99,22.89,22.89,313200,7206000000
9/4/24,E1VFVN30,23.26,22.85,23.26,22.99,22.99,1813900,41560000000
8/30/24,E1VFVN30,23.27,23.16,23.18,23.27,23.27,157400,3657000000
8/29/24,E1VFVN30,23.3,23.13,23.3,23.18,23.18,187200,4341000000
8/28/24,E1VFVN30,23.14,23.03,23.03,23.12,23.12,169000,3904000000
8/27/24,E1VFVN30,23.14,22.95,22.95,23.09,23.09,129700,2989000000
8/26/24,E1VFVN30,23.14,22.5,23.05,23.05,23.05,188900,4352000000
8/23/24,E1VFVN30,23.07,22.91,23.03,23.07,23.07,146000,3356000000
8/22/24,E1VFVN30,23.06,22.95,22.99,23.03,23.03,393200,9054000000
8/21/24,E1VFVN30,22.99,22.65,22.89,22.99,22.99,1010700,23049000000
8/20/24,E1VFVN30,22.86,22.69,22.69,22.79,22.79,763000,17386000000
8/19/24,E1VFVN30,22.71,22.56,22.58,22.69,22.69,332100,7515000000
8/16/24,E1VFVN30,22.58,22.15,22.15,22.58,22.58,931800,20859000000
8/15/24,E1VFVN30,22.3,22.08,22.3,22.15,22.15,385500,8528000000
8/14/24,E1VFVN30,22.3,22.16,22.3,22.25,22.25,127400,2830000000
8/13/24,E1VFVN30,22.3,22.07,22.3,22.2,22.2,159400,3523000000
8/12/24,E1VFVN30,22.26,22.02,22.2,22.25,22.25,283100,6251000000
8/9/24,E1VFVN30,22.2,21.82,22,22.2,22.2,294800,6488000000
8/8/24,E1VFVN30,21.94,21.6,21.94,21.83,21.83,299200,6516000000
8/7/24,E1VFVN30,22.09,21.77,22.09,21.98,21.98,2180200,47671000000
8/6/24,E1VFVN30,22,21.55,21.72,22,22,620900,13518000000
8/5/24,E1VFVN30,22.32,21.37,22.3,21.72,21.72,2472500,53698000000
8/2/24,E1VFVN30,22.32,21.9,22.31,22.32,22.32,602900,13280000000
8/1/24,E1VFVN30,22.75,22.15,22.75,22.31,22.31,407500,9124000000
7/31/24,E1VFVN30,22.75,22.5,22.58,22.75,22.75,75500,1708000000
7/30/24,E1VFVN30,22.58,22.36,22.5,22.58,22.58,312900,7021000000
7/29/24,E1VFVN30,22.57,22.42,22.42,22.5,22.5,97400,2191000000
7/26/24,E1VFVN30,22.5,22.25,22.4,22.42,22.42,139100,3102000000
7/25/24,E1VFVN30,22.31,22.12,22.31,22.26,22.26,731300,16215000000
7/24/24,E1VFVN30,22.43,22.15,22.19,22.31,22.31,280400,6254000000
7/23/24,E1VFVN30,22.78,22.41,22.77,22.43,22.43,434200,9835000000
7/22/24,E1VFVN30,22.8,22.57,22.78,22.72,22.72,131200,2974000000
7/19/24,E1VFVN30,23.2,22.67,23.2,22.78,22.78,864700,19685000000
7/18/24,E1VFVN30,22.84,22.56,22.84,22.81,22.81,814500,18486000000
7/17/24,E1VFVN30,23.1,22.64,22.77,22.72,22.72,1328000,30349000000
7/16/24,E1VFVN30,22.87,22.71,22.75,22.76,22.76,350200,7976000000
7/15/24,E1VFVN30,22.81,22.68,22.8,22.75,22.75,107100,2436000000
7/12/24,E1VFVN30,22.9,22.65,22.81,22.8,22.8,158900,3618000000
7/11/24,E1VFVN30,23,22.81,22.99,22.81,22.81,125000,2857000000
7/10/24,E1VFVN30,23.08,22.86,23.01,22.87,22.87,728100,16723000000
7/9/24,E1VFVN30,23.5,22.77,23.5,23.01,23.01,1349100,30976000000
7/8/24,E1VFVN30,22.99,22.83,22.98,22.94,22.94,167400,3835000000
7/5/24,E1VFVN30,22.98,22.7,22.87,22.98,22.98,113400,2594000000
7/4/24,E1VFVN30,22.89,22.75,22.81,22.87,22.87,164300,3750000000
7/3/24,E1VFVN30,22.84,22.61,22.61,22.81,22.81,240800,5474000000
7/2/24,E1VFVN30,22.7,22.41,22.64,22.6,22.6,212900,4802000000
7/1/24,E1VFVN30,22.65,22.15,22.65,22.65,22.65,229700,5112000000
6/28/24,E1VFVN30,22.65,22.22,22.65,22.4,22.4,358800,8042000000
6/27/24,E1VFVN30,22.7,22.36,22.7,22.46,22.46,181000,4056000000
6/26/24,E1VFVN30,22.64,22.26,22.64,22.46,22.46,223600,5009000000
6/25/24,E1VFVN30,22.64,22.33,22.63,22.64,22.64,540500,12110000000
6/24/24,E1VFVN30,23.04,22.49,23.04,22.65,22.65,1286200,29170000000
6/21/24,E1VFVN30,23.1,22.94,23.09,23.04,23.04,68400,1575000000
6/20/24,E1VFVN30,23.2,22.88,22.92,23.09,23.09,1027000,23638000000
6/19/24,E1VFVN30,23,22.66,22.9,22.92,22.92,1503300,34358000000
6/18/24,E1VFVN30,22.99,22.85,22.86,22.89,22.89,287500,6586000000
6/17/24,E1VFVN30,23.14,22.79,23.14,22.84,22.84,342600,7839000000
6/14/24,E1VFVN30,23.3,23.15,23.3,23.15,23.15,961200,22349000000
6/13/24,E1VFVN30,23.3,23.13,23.2,23.3,23.3,837800,19481000000
6/12/24,E1VFVN30,23.19,22.75,22.8,23.12,23.12,610200,14034000000
6/11/24,E1VFVN30,22.9,22.7,22.84,22.8,22.8,137800,3137000000
6/10/24,E1VFVN30,22.95,22.75,22.82,22.82,22.82,602500,13766000000
6/7/24,E1VFVN30,22.86,22.68,22.68,22.8,22.8,388800,8861000000
6/6/24,E1VFVN30,22.75,22.6,22.65,22.64,22.64,504800,11441000000
6/5/24,E1VFVN30,22.83,22.6,22.62,22.64,22.64,1102800,25047000000
6/4/24,E1VFVN30,22.75,22.58,22.62,22.62,22.62,696600,15792000000
6/3/24,E1VFVN30,22.65,22.4,22.41,22.63,22.63,872300,19667000000
5/31/24,E1VFVN30,22.5,22.09,22.21,22.5,22.5,728100,16193000000
5/30/24,E1VFVN30,22.35,21.96,22.33,22.24,22.24,1398200,30817000000
5/29/24,E1VFVN30,22.69,22.32,22.69,22.35,22.35,1081300,24291000000
5/28/24,E1VFVN30,22.54,22.34,22.35,22.54,22.54,445900,9987000000
5/27/24,E1VFVN30,22.56,22.2,22.5,22.39,22.39,152900,3411000000
5/24/24,E1VFVN30,22.68,22.25,22.44,22.5,22.5,1205500,27184000000
5/23/24,E1VFVN30,22.55,22.3,22.5,22.55,22.55,840400,18848000000
5/22/24,E1VFVN30,22.73,22.34,22.61,22.5,22.5,704300,15857000000
5/21/24,E1VFVN30,22.67,22.42,22.67,22.61,22.61,327400,7396000000
5/20/24,E1VFVN30,22.8,22.57,22.57,22.67,22.67,275100,6249000000
5/17/24,E1VFVN30,22.6,22.5,22.55,22.57,22.57,552700,12455000000
5/16/24,E1VFVN30,22.6,22.3,22.3,22.57,22.57,1269100,28520000000
5/15/24,E1VFVN30,22.32,22.09,22.09,22.2,22.2,594800,13226000000
5/14/24,E1VFVN30,22.15,21.96,21.96,22.09,22.09,293600,6463000000
5/13/24,E1VFVN30,22.1,21.88,21.97,21.93,21.93,228300,5011000000
5/10/24,E1VFVN30,22.12,21.89,22.09,21.99,21.99,86900,1912000000
5/9/24,E1VFVN30,22.2,21.94,22.07,22.09,22.09,121600,2685000000
5/8/24,E1VFVN30,22.08,21.84,22.08,22.08,22.08,1562500,34352000000
5/7/24,E1VFVN30,22.08,21.9,21.94,22.08,22.08,336300,7395000000
5/6/24,E1VFVN30,21.94,21.58,21.58,21.94,21.94,216200,4702000000
5/3/24,E1VFVN30,21.7,21.54,21.56,21.58,21.58,612400,13207000000
5/2/24,E1VFVN30,21.55,21.3,21.5,21.55,21.55,508300,10845000000
4/26/24,E1VFVN30,21.55,21.07,21.28,21.55,21.55,167500,3580000000
4/25/24,E1VFVN30,21.3,21.09,21.21,21.3,21.3,802900,17025000000
4/24/24,E1VFVN30,21.3,20.75,20.75,21.27,21.27,125000,2638000000
4/23/24,E1VFVN30,20.94,20.56,20.94,20.75,20.75,701800,14576000000
4/22/24,E1VFVN30,20.93,20.7,20.7,20.93,20.93,638200,13281000000
4/19/24,E1VFVN30,21.06,20.52,21.06,20.67,20.67,656800,13549000000
4/17/24,E1VFVN30,21.72,20.92,21.72,21.06,21.06,1470900,31137000000
4/16/24,E1VFVN30,21.72,21.01,21.7,21.72,21.72,1752200,37151000000
4/15/24,E1VFVN30,22.17,21.34,21.9,21.72,21.72,407000,8882000000
4/12/24,E1VFVN30,22.11,21.8,21.85,22.1,22.1,170800,3743000000
4/11/24,E1VFVN30,21.85,21.61,21.7,21.84,21.84,798000,17371000000
4/10/24,E1VFVN30,21.97,21.79,21.88,21.84,21.84,406800,8915000000
4/9/24,E1VFVN30,21.88,21.64,21.69,21.88,21.88,119700,2601000000
4/8/24,E1VFVN30,21.81,21.55,21.81,21.69,21.69,327900,7092000000
4/5/24,E1VFVN30,21.9,21.62,21.9,21.81,21.81,317600,6896000000
4/4/24,E1VFVN30,22.18,21.87,22.18,21.9,21.9,708700,15566000000
4/3/24,E1VFVN30,22.29,21.92,22.2,22.18,22.18,2335900,51415000000
4/2/24,E1VFVN30,22.4,22,22.38,22.2,22.2,7165000,1.58887E+11
4/1/24,E1VFVN30,22.55,22.17,22.55,22.38,22.38,456400,10183000000
3/29/24,E1VFVN30,22.57,22.33,22.43,22.57,22.57,175700,3941000000
3/28/24,E1VFVN30,22.54,22.1,22.1,22.43,22.43,1326700,29764000000
3/27/24,E1VFVN30,22.25,22.05,22.08,22.1,22.1,101400,2245000000
3/26/24,E1VFVN30,22.2,21.88,21.94,22.08,22.08,396500,8756000000
3/25/24,E1VFVN30,22.22,21.84,22.06,21.94,21.94,394500,8731000000
3/22/24,E1VFVN30,22.33,22.01,22.01,22.14,22.14,602200,13345000000
3/21/24,E1VFVN30,22.01,21.8,21.8,21.88,21.88,864600,18982000000
3/20/24,E1VFVN30,21.8,21.22,21.3,21.73,21.73,495400,10692000000
3/19/24,E1VFVN30,21.37,21.15,21.3,21.26,21.26,1077100,22931000000
3/18/24,E1VFVN30,21.75,21,21.75,21.4,21.4,1028800,21826000000
3/15/24,E1VFVN30,21.82,21.4,21.8,21.75,21.75,165700,3582000000
3/14/24,E1VFVN30,21.96,21.65,21.88,21.8,21.8,176000,3849000000
3/13/24,E1VFVN30,21.92,21.4,21.4,21.88,21.88,208300,4502000000
3/12/24,E1VFVN30,21.55,21.25,21.55,21.4,21.4,265000,5663000000
3/11/24,E1VFVN30,21.69,20.18,21.69,21.55,21.55,1138600,24395000000
3/8/24,E1VFVN30,22.08,21.64,22.03,21.69,21.69,650100,14202000000
3/7/24,E1VFVN30,22.05,21.88,21.94,21.98,21.98,186500,4092000000
3/6/24,E1VFVN30,22.19,21.93,22.01,21.93,21.93,110000,2428000000
3/5/24,E1VFVN30,22.02,21.83,21.94,22.01,22.01,284900,6243000000
3/4/24,E1VFVN30,21.98,21.81,21.87,21.94,21.94,313700,6868000000
3/1/24,E1VFVN30,21.9,21.74,21.9,21.87,21.87,198800,4337000000
2/29/24,E1VFVN30,22,21.7,21.79,21.85,21.85,1324600,28904000000
2/28/24,E1VFVN30,21.76,21.51,21.51,21.76,21.76,1017800,22056000000
2/27/24,E1VFVN30,21.51,21.3,21.3,21.51,21.51,808100,17307000000
2/26/24,E1VFVN30,21.29,21.07,21.15,21.29,21.29,244800,5170000000
2/23/24,E1VFVN30,21.64,21.11,21.43,21.17,21.17,982400,21092000000
2/22/24,E1VFVN30,21.48,21.33,21.48,21.42,21.42,234700,5020000000
2/21/24,E1VFVN30,21.5,21.3,21.43,21.47,21.47,482300,10323000000
2/20/24,E1VFVN30,21.44,21.28,21.39,21.44,21.44,343700,7346000000
2/19/24,E1VFVN30,21.37,21.1,21.1,21.37,21.37,856400,18200000000
2/16/24,E1VFVN30,21.13,20.98,20.98,21.1,21.1,743100,15640000000
2/15/24,E1VFVN30,21.13,20.95,20.95,20.97,20.97,697100,14669000000
2/7/24,E1VFVN30,20.95,20.69,20.7,20.95,20.95,203200,4234000000
2/6/24,E1VFVN30,20.78,20.67,20.67,20.67,20.67,106200,2200000000
2/5/24,E1VFVN30,20.74,20.23,20.23,20.67,20.67,2098000,42950000000
2/2/24,E1VFVN30,20.34,20.2,20.31,20.23,20.23,1957500,39593000000
2/1/24,E1VFVN30,20.29,20.1,20.11,20.29,20.29,1344500,27156000000
1/31/24,E1VFVN30,20.42,20.11,20.39,20.19,20.19,308600,6259000000
1/30/24,E1VFVN30,20.41,20.34,20.35,20.39,20.39,224100,4563000000
1/29/24,E1VFVN30,20.47,20.18,20.4,20.36,20.36,130600,2665000000
1/26/24,E1VFVN30,20.46,20.3,20.3,20.4,20.4,47500,968000000
1/25/24,E1VFVN30,20.39,20.29,20.36,20.3,20.3,304700,6192000000
1/24/24,E1VFVN30,20.49,20.35,20.44,20.36,20.36,136600,2794000000
1/23/24,E1VFVN30,20.56,20.4,20.52,20.44,20.44,89400,1829000000
1/22/24,E1VFVN30,20.6,20.4,20.41,20.52,20.52,699100,14288000000
1/19/24,E1VFVN30,20.45,20.33,20.38,20.37,20.37,143200,2921000000
1/18/24,E1VFVN30,20.24,20.12,20.12,20.23,20.23,144100,2909000000
1/17/24,E1VFVN30,20.32,20.07,20.07,20.12,20.12,91100,1839000000
1/16/24,E1VFVN30,20.17,19.95,20.05,20.17,20.17,462600,9268000000
1/15/24,E1VFVN30,20.3,20.05,20.11,20.07,20.07,153400,3090000000
1/12/24,E1VFVN30,20.14,19.85,19.99,20.1,20.1,188300,3774000000
1/11/24,E1VFVN30,21,20.02,20.14,20.05,20.05,720400,14513000000
1/10/24,E1VFVN30,20.16,19.99,20.04,20.04,20.04,191900,3845000000
1/9/24,E1VFVN30,20.1,19.86,19.86,20.04,20.04,54300,1085000000
1/8/24,E1VFVN30,20.19,19.9,20.05,20.08,20.08,840300,16854000000
1/5/24,E1VFVN30,20.03,19.9,20,20.03,20.03,324000,6472000000
1/4/24,E1VFVN30,20.13,19.69,19.69,19.95,19.95,723900,14447000000
1/3/24,E1VFVN30,19.69,19.38,19.38,19.69,19.69,455000,8903000000
1/2/24,E1VFVN30,19.68,19.5,19.51,19.53,19.53,568300,11138000000
12/29/23,E1VFVN30,19.63,19.43,19.44,19.43,19.43,2266600,44354000000
12/28/23,E1VFVN30,19.53,19.16,19.16,19.43,19.43,370400,7190000000
12/27/23,E1VFVN30,19.35,19.24,19.25,19.27,19.27,217900,4204000000
12/26/23,E1VFVN30,19.26,19.16,19.2,19.24,19.24,146200,2808000000
12/25/23,E1VFVN30,19.2,18.95,18.95,19.2,19.2,642600,12307000000
12/22/23,E1VFVN30,19,18.85,19,18.95,18.95,239100,4519000000
12/21/23,E1VFVN30,18.95,18.8,18.93,18.95,18.95,1123800,21173000000
12/20/23,E1VFVN30,18.99,18.79,18.99,18.92,18.92,204900,3858000000
12/19/23,E1VFVN30,18.84,18.57,18.77,18.84,18.84,366300,6832000000
12/18/23,E1VFVN30,19.04,18.73,19.04,18.77,18.77,611300,11480000000
12/15/23,E1VFVN30,19.09,18.96,19.03,19,19,186900,3553000000
12/14/23,E1VFVN30,19.26,19.05,19.26,19.08,19.08,77300,1479000000
12/13/23,E1VFVN30,19.36,19.1,19.3,19.1,19.1,240300,4623000000
12/12/23,E1VFVN30,19.34,19.2,19.24,19.3,19.3,297100,5717000000
12/11/23,E1VFVN30,19.32,19.19,19.25,19.29,19.29,102700,1976000000
12/8/23,E1VFVN30,19.27,19.14,19.19,19.23,19.23,301500,5792000000
12/7/23,E1VFVN30,19.23,18.92,19.08,19.21,19.21,739800,14096000000
12/6/23,E1VFVN30,19.09,18.96,18.96,19.07,19.07,347800,6616000000
12/5/23,E1VFVN30,19.15,18.95,19.15,18.96,18.96,143400,2729000000
12/4/23,E1VFVN30,19.2,18.83,18.83,19.2,19.2,120500,2293000000
12/1/23,E1VFVN30,18.89,18.6,18.86,18.78,18.78,500300,9369000000
11/30/23,E1VFVN30,18.95,18.72,18.9,18.85,18.85,432300,8151000000
11/29/23,E1VFVN30,18.98,18.77,18.77,18.89,18.89,117700,2221000000
11/28/23,E1VFVN30,18.75,18.45,18.55,18.75,18.75,320300,5937000000
11/27/23,E1VFVN30,18.74,18.6,18.7,18.7,18.7,472000,8829000000
11/24/23,E1VFVN30,18.8,18.45,18.8,18.68,18.68,538600,10025000000
11/23/23,E1VFVN30,19.3,18.8,19.3,18.8,18.8,87000,1656000000
11/22/23,E1VFVN30,19.2,18.93,19.2,19.12,19.12,338300,6440000000
11/21/23,E1VFVN30,19.26,19,19.18,19.1,19.1,224400,4288000000
11/20/23,E1VFVN30,19.3,18.75,19,19.08,19.08,1134900,21645000000
11/17/23,E1VFVN30,19.6,18.95,19.55,19.12,19.12,413300,7987000000
11/16/23,E1VFVN30,19.56,19.38,19.56,19.48,19.48,63500,1235000000
11/15/23,E1VFVN30,19.77,19.52,19.52,19.56,19.56,488600,9606000000
11/14/23,E1VFVN30,19.32,19.15,19.3,19.3,19.3,238700,4586000000
11/13/23,E1VFVN30,19.24,18.96,19.06,19.05,19.05,644400,12386000000
11/10/23,E1VFVN30,19.4,19.05,19.28,19.05,19.05,2083600,39969000000
11/9/23,E1VFVN30,19.61,19.4,19.41,19.41,19.41,345000,6716000000
11/8/23,E1VFVN30,19.4,18.7,18.96,19.4,19.4,272200,5228000000
11/7/23,E1VFVN30,19,18.8,19,18.88,18.88,99500,1879000000
11/6/23,E1VFVN30,19.05,18.83,18.83,19.05,19.05,438900,8311000000
11/3/23,E1VFVN30,18.89,18.65,18.89,18.83,18.83,215400,4032000000
11/2/23,E1VFVN30,18.66,18.18,18.4,18.66,18.66,130800,2401000000
11/1/23,E1VFVN30,18.3,17.82,18.28,18.3,18.3,299200,5369000000
10/31/23,E1VFVN30,18.32,17.8,18.32,18.3,18.3,328500,5920000000
10/30/23,E1VFVN30,18.44,18.14,18.32,18.32,18.32,331900,6056000000
10/27/23,E1VFVN30,18.5,18.09,18.45,18.32,18.32,690800,12618000000
10/26/23,E1VFVN30,19.1,18.18,19.1,18.41,18.41,668600,12329000000
10/25/23,E1VFVN30,19.32,19.1,19.13,19.1,19.1,122900,2361000000
10/24/23,E1VFVN30,19.28,18.9,19.21,19.02,19.02,2156500,41094000000
10/23/23,E1VFVN30,19.47,18.92,19.47,19.17,19.17,463000,8848000000
10/20/23,E1VFVN30,19.65,18.9,19.56,19.41,19.41,242200,4625000000
10/19/23,E1VFVN30,19.68,19.1,19.49,19.68,19.68,917700,17596000000
10/18/23,E1VFVN30,19.8,19.1,19.8,19.49,19.49,533100,10389000000
10/17/23,E1VFVN30,20.08,19.79,20,19.8,19.8,497500,9897000000
10/16/23,E1VFVN30,20.06,19.75,20.06,19.75,19.75,534900,10611000000
10/13/23,E1VFVN30,20.06,19.78,19.98,20.06,20.06,1605900,31891000000
10/12/23,E1VFVN30,20.11,19.95,19.96,20,20,605900,12135000000
10/11/23,E1VFVN30,20,19.8,20,19.95,19.95,522800,10414000000
10/10/23,E1VFVN30,19.99,19.78,19.78,19.93,19.93,89800,1791000000
10/9/23,E1VFVN30,19.75,19.58,19.69,19.75,19.75,175000,3438000000
10/6/23,E1VFVN30,19.66,19.3,19.5,19.65,19.65,240400,4666000000
10/5/23,E1VFVN30,19.7,19.4,19.68,19.49,19.49,818200,15994000000
10/4/23,E1VFVN30,19.82,19.3,19.55,19.68,19.68,195900,3820000000
10/3/23,E1VFVN30,20,19.43,20,19.55,19.55,651000,12771000000
10/2/23,E1VFVN30,20.18,19.98,20.16,20.05,20.05,665900,13353000000
9/29/23,E1VFVN30,20.24,20,20.02,20.14,20.14,85700,1723000000
9/28/23,E1VFVN30,20.05,19.72,20,20,20,328100,6551000000
9/27/23,E1VFVN30,20,19.67,19.99,20,20,1562300,31013000000
9/26/23,E1VFVN30,20.78,19.85,20.78,19.99,19.99,993600,19895000000
9/25/23,E1VFVN30,21.4,20.1,20.71,20.56,20.56,775600,15796000000
9/22/23,E1VFVN30,21.09,20.32,21.09,20.7,20.7,1421700,29074000000
9/21/23,E1VFVN30,21.44,20.98,21.44,21.04,21.04,296800,6266000000
9/20/23,E1VFVN30,21.25,21.04,21.23,21.25,21.25,82800,1750000000
9/19/23,E1VFVN30,21.2,20.87,21.02,21.2,21.2,459400,9645000000
9/18/23,E1VFVN30,21.35,20.91,21.35,21.07,21.07,455200,9614000000
9/15/23,E1VFVN30,21.69,21.24,21.69,21.34,21.34,78100,1665000000
9/14/23,E1VFVN30,21.59,21.2,21.48,21.23,21.23,273700,5841000000
9/13/23,E1VFVN30,21.9,21.33,21.9,21.48,21.48,275500,5932000000
9/12/23,E1VFVN30,21.79,21.14,21.32,21.79,21.79,647100,13819000000
9/11/23,E1VFVN30,21.65,21.1,21.57,21.1,21.1,194400,4159000000
9/8/23,E1VFVN30,21.65,21.5,21.65,21.54,21.54,610800,13165000000
9/7/23,E1VFVN30,21.82,21.55,21.64,21.57,21.57,537100,11671000000
9/6/23,E1VFVN30,21.64,21.29,21.38,21.64,21.64,1143200,24459000000
9/5/23,E1VFVN30,21.49,21.2,21.2,21.38,21.38,1264400,27030000000
8/31/23,E1VFVN30,21.3,21.09,21.09,21.2,21.2,186100,3948000000
8/30/23,E1VFVN30,21.1,20.88,20.95,21.08,21.08,597600,12543000000
8/29/23,E1VFVN30,20.93,20.75,20.8,20.9,20.9,573500,11955000000
8/28/23,E1VFVN30,20.83,20.6,20.72,20.8,20.8,791500,16381000000
8/25/23,E1VFVN30,20.7,20.54,20.64,20.56,20.56,298500,6144000000
8/24/23,E1VFVN30,20.7,20,20.44,20.64,20.64,349100,7129000000
8/23/23,E1VFVN30,20.83,20.33,20.83,20.44,20.44,422700,8651000000
8/22/23,E1VFVN30,20.8,19.98,20.45,20.55,20.55,524700,10667000000
8/21/23,E1VFVN30,21,20.3,20.4,20.45,20.45,1520500,31064000000
8/18/23,E1VFVN30,21.47,19.96,21.46,20.4,20.4,1893900,39520000000
8/17/23,E1VFVN30,21.63,21.42,21.42,21.46,21.46,2472200,53333000000
8/16/23,E1VFVN30,21.59,21.29,21.29,21.42,21.42,637200,13702000000
8/15/23,E1VFVN30,21.37,21.02,21.02,21.29,21.29,3309300,70355000000
8/14/23,E1VFVN30,21.4,21.21,21.22,21.21,21.21,3283900,70012000000
8/11/23,E1VFVN30,21.36,20.96,21.26,21.21,21.21,6285700,1.32661E+11
8/10/23,E1VFVN30,21.36,21.06,21.3,21.1,21.1,3677700,77935000000
8/9/23,E1VFVN30,21.39,21.11,21.39,21.27,21.27,173900,3694000000
8/8/23,E1VFVN30,21.5,21.27,21.4,21.38,21.38,1808100,38645000000
8/7/23,E1VFVN30,21.39,21,21.2,21.39,21.39,481900,10231000000
8/4/23,E1VFVN30,21.2,20.7,20.7,21.14,21.14,552700,11593000000
8/3/23,E1VFVN30,20.98,20.69,20.9,20.7,20.7,504600,10526000000
8/2/23,E1VFVN30,21.02,20.83,21.02,20.9,20.9,1644200,34459000000
8/1/23,E1VFVN30,21.59,21,21.56,21.02,21.02,2810100,59574000000
7/31/23,E1VFVN30,21.2,20.93,20.93,21.2,21.2,540800,11349000000
7/28/23,E1VFVN30,20.8,20.55,20.65,20.75,20.75,712800,14735000000
7/27/23,E1VFVN30,20.68,20.5,20.55,20.53,20.53,105800,2177000000
7/26/23,E1VFVN30,20.6,20.5,20.5,20.55,20.55,89100,1829000000
7/25/23,E1VFVN30,20.65,20.39,20.39,20.5,20.5,1364000,28028000000
7/24/23,E1VFVN30,20.48,20.3,20.3,20.39,20.39,146800,2992000000
7/21/23,E1VFVN30,20.29,20.01,20.01,20.25,20.25,150800,3041000000
7/20/23,E1VFVN30,20.09,19.97,20.09,20.01,20.01,89700,1794000000
7/19/23,E1VFVN30,20.11,20.03,20.03,20.11,20.11,114700,2300000000
7/18/23,E1VFVN30,20.05,19.95,20,20.03,20.03,216700,4337000000
7/17/23,E1VFVN30,20.05,19.88,19.89,20,20,282300,5646000000
7/14/23,E1VFVN30,19.94,19.7,19.81,19.86,19.86,78000,1547000000
7/13/23,E1VFVN30,19.8,19.62,19.62,19.8,19.8,99400,1964000000
7/12/23,E1VFVN30,19.82,19.6,19.77,19.6,19.6,59900,1177000000
7/11/23,E1VFVN30,19.75,19.6,19.74,19.6,19.6,549600,10808000000
7/10/23,E1VFVN30,19.58,19.41,19.42,19.54,19.54,1275500,24915000000
7/7/23,E1VFVN30,19.41,19.16,19.4,19.41,19.41,1050800,20220000000
7/6/23,E1VFVN30,19.47,19.2,19.3,19.4,19.4,577400,11212000000
7/5/23,E1VFVN30,19.5,19.3,19.3,19.46,19.46,2743000,53377000000
7/4/23,E1VFVN30,19.3,19.2,19.21,19.3,19.3,406600,7821000000
7/3/23,E1VFVN30,19.4,19.2,19.4,19.2,19.2,640100,12318000000
6/30/23,E1VFVN30,19.45,19.21,19.35,19.35,19.35,318400,6126000000
6/29/23,E1VFVN30,19.59,19.3,19.59,19.3,19.3,263600,5112000000
6/28/23,E1VFVN30,19.59,19.4,19.41,19.59,19.59,291300,5662000000
6/27/23,E1VFVN30,19.5,19.35,19.45,19.38,19.38,510300,9889000000
6/26/23,E1VFVN30,19.4,19.1,19.34,19.36,19.36,687100,13252000000
6/23/23,E1VFVN30,19.32,19.19,19.2,19.29,19.29,628600,12092000000
6/22/23,E1VFVN30,19.25,19,19.24,19.13,19.13,70100,1344000000
6/21/23,E1VFVN30,19,18.9,18.99,18.95,18.95,86500,1639000000
6/20/23,E1VFVN30,18.9,18.81,18.9,18.88,18.88,41200,776000000
6/19/23,E1VFVN30,19.07,18.79,19,18.89,18.89,1069900,20199000000
6/16/23,E1VFVN30,19.25,19,19,19,19,565600,10817000000
6/15/23,E1VFVN30,19.12,19,19.1,19,19,167200,3191000000
6/14/23,E1VFVN30,19.24,19.05,19.05,19.1,19.1,467400,8949000000
6/13/23,E1VFVN30,19.05,18.89,18.89,19.03,19.03,540700,10276000000
6/12/23,E1VFVN30,18.88,18.71,18.8,18.88,18.88,104700,1967000000
6/9/23,E1VFVN30,18.8,18.64,18.76,18.74,18.74,72600,1359000000
6/8/23,E1VFVN30,19,18.76,18.85,18.76,18.76,79200,1492000000
6/7/23,E1VFVN30,18.9,18.81,18.82,18.82,18.82,108800,2052000000
6/6/23,E1VFVN30,18.77,18.64,18.65,18.64,18.64,155500,2910000000
6/5/23,E1VFVN30,18.88,18.5,18.6,18.5,18.5,301600,5641000000
6/2/23,E1VFVN30,18.63,18.33,18.34,18.63,18.63,184500,3417000000
6/1/23,E1VFVN30,18.45,18.2,18.41,18.2,18.2,156400,2850000000
5/31/23,E1VFVN30,18.41,18.2,18.3,18.41,18.41,149000,2736000000
5/30/23,E1VFVN30,18.38,18.2,18.3,18.25,18.25,383600,7003000000
5/29/23,E1VFVN30,18.23,18.06,18.06,18.2,18.2,286400,5204000000
5/26/23,E1VFVN30,18.12,18.04,18.11,18.05,18.05,40400,730000000
5/25/23,E1VFVN30,18.12,17.98,18.1,18.09,18.09,1140300,20560000000
5/24/23,E1VFVN30,18.25,18.12,18.24,18.12,18.12,1492300,27206000000
5/23/23,E1VFVN30,18.4,18.01,18.29,18.01,18.01,587100,10732000000
5/22/23,E1VFVN30,18.3,18.19,18.2,18.28,18.28,530700,9679000000
5/19/23,E1VFVN30,18.3,18.04,18.15,18.2,18.2,935800,16957000000
5/18/23,E1VFVN30,18.3,18.04,18.04,18.3,18.3,57900,1054000000
5/17/23,E1VFVN30,18.32,18.03,18.23,18.03,18.03,107000,1946000000
5/16/23,E1VFVN30,18.39,18.17,18.38,18.23,18.23,297800,5437000000
5/15/23,E1VFVN30,18.42,18.17,18.18,18.24,18.24,102800,1882000000
5/12/23,E1VFVN30,18.16,17.9,17.99,18.16,18.16,1227300,22121000000
5/11/23,E1VFVN30,18.08,17.96,18.02,17.99,17.99,96000,1729000000
5/10/23,E1VFVN30,18.02,17.89,18,18.02,18.02,254800,4570000000
5/9/23,E1VFVN30,18.11,17.86,18.1,18,18,684300,12255000000
5/8/23,E1VFVN30,18,17.75,17.97,18,18,541300,9642000000
5/5/23,E1VFVN30,18,17.68,17.93,18,18,230900,4108000000
5/4/23,E1VFVN30,18.05,17.7,18.05,17.93,17.93,252800,4509000000
4/28/23,E1VFVN30,18.2,17.8,17.94,18.2,18.2,77200,1387000000
4/27/23,E1VFVN30,17.96,17.75,17.96,17.78,17.78,63700,1135000000
4/26/23,E1VFVN30,18.08,17.6,17.7,17.92,17.92,195000,3451000000
4/25/23,E1VFVN30,17.96,17.7,17.89,17.7,17.7,289900,5170000000
4/24/23,E1VFVN30,18.03,17.78,18,17.9,17.9,474900,8493000000
4/21/23,E1VFVN30,18.17,17.87,18.17,17.89,17.89,322800,5794000000
4/20/23,E1VFVN30,18.09,17.97,18.07,18.06,18.06,241500,4352000000
4/19/23,E1VFVN30,18.27,18.02,18.18,18.07,18.07,420700,7639000000
4/18/23,E1VFVN30,18.23,18.13,18.22,18.17,18.17,194700,3538000000
4/17/23,E1VFVN30,18.29,18.1,18.25,18.2,18.2,242200,4399000000
4/14/23,E1VFVN30,18.59,18.23,18.59,18.3,18.3,492400,9024000000
4/13/23,E1VFVN30,18.5,18.33,18.5,18.34,18.34,230100,4235000000
4/12/23,E1VFVN30,18.57,18.4,18.55,18.49,18.49,801700,14794000000
4/11/23,E1VFVN30,18.55,18.13,18.41,18.55,18.55,295400,5410000000
4/10/23,E1VFVN30,18.54,18.35,18.4,18.38,18.38,589100,10879000000
4/7/23,E1VFVN30,18.5,18.29,18.5,18.38,18.38,336500,6172000000
4/6/23,E1VFVN30,18.67,18.5,18.67,18.5,18.5,376400,7005000000
4/5/23,E1VFVN30,18.6,18.48,18.5,18.6,18.6,254000,4710000000
4/4/23,E1VFVN30,18.62,18.52,18.6,18.62,18.62,1799800,33403000000
4/3/23,E1VFVN30,19.58,18.47,18.5,18.57,18.57,1514600,28074000000
3/31/23,E1VFVN30,18.4,18.25,18.34,18.4,18.4,315600,5781000000
3/30/23,E1VFVN30,18.29,18.18,18.2,18.22,18.22,218900,3990000000
3/29/23,E1VFVN30,18.18,17.98,18.18,18.03,18.03,769000,13881000000
3/28/23,E1VFVN30,18.18,18,18.1,18.18,18.18,442700,8013000000
3/27/23,E1VFVN30,18.2,17.85,18.01,17.98,17.98,357000,6408000000
3/24/23,E1VFVN30,18.03,17.85,17.85,17.97,17.97,277800,4991000000
3/23/23,E1VFVN30,17.83,17.61,17.64,17.77,17.77,312800,5552000000
3/22/23,E1VFVN30,17.84,17.68,17.68,17.84,17.84,422100,7490000000
3/21/23,E1VFVN30,17.65,17.37,17.53,17.6,17.6,329800,5785000000
3/20/23,E1VFVN30,17.77,17.4,17.71,17.4,17.4,1076500,19011000000
3/17/23,E1VFVN30,18.06,17.79,17.83,17.8,17.8,259900,4641000000
3/16/23,E1VFVN30,18.12,17.77,18.12,17.77,17.77,686100,12267000000
3/15/23,E1VFVN30,18.8,17.84,17.84,18.12,18.12,768500,13897000000
3/14/23,E1VFVN30,17.89,17.59,17.87,17.64,17.64,245900,4342000000
3/13/23,E1VFVN30,17.92,17.7,17.7,17.87,17.87,617800,11033000000
3/10/23,E1VFVN30,17.85,17.67,17.84,17.85,17.85,2243000,39889000000
3/9/23,E1VFVN30,17.97,17.7,17.7,17.93,17.93,2184000,38989000000
3/8/23,E1VFVN30,17.7,17.34,17.4,17.7,17.7,1446400,25250000000
3/7/23,E1VFVN30,17.69,17.39,17.59,17.45,17.45,1079000,18953000000
3/6/23,E1VFVN30,17.89,17.3,17.51,17.3,17.3,150600,2646000000
3/3/23,E1VFVN30,17.8,17.27,17.8,17.27,17.27,78500,1368000000
3/2/23,E1VFVN30,17.73,17.44,17.54,17.65,17.65,517500,9100000000
3/1/23,E1VFVN30,17.7,17.06,17.2,17.54,17.54,543000,9373000000
2/28/23,E1VFVN30,17.42,17.17,17.42,17.3,17.3,530700,9184000000
2/27/23,E1VFVN30,17.66,17.05,17.66,17.22,17.22,373900,6427000000
2/24/23,E1VFVN30,17.97,17.48,17.97,17.72,17.72,138000,2430000000
2/23/23,E1VFVN30,18.02,17.5,17.94,17.98,17.98,613100,10825000000
2/22/23,E1VFVN30,18.34,18.01,18.34,18.01,18.01,616100,11185000000
2/21/23,E1VFVN30,18.66,18.37,18.45,18.4,18.4,262000,4828000000
2/20/23,E1VFVN30,18.42,17.9,17.91,18.32,18.32,205200,3739000000
2/17/23,E1VFVN30,18,17.85,18,17.86,17.86,429700,7704000000
2/16/23,E1VFVN30,17.97,17.75,17.97,17.92,17.92,892400,15895000000
2/15/23,E1VFVN30,17.93,17.6,17.73,17.74,17.74,2201300,39164000000
2/14/23,E1VFVN30,18.2,17.59,18.2,17.65,17.65,306100,5412000000
2/13/23,E1VFVN30,18.12,17.48,18.12,17.79,17.79,347300,6136000000
2/10/23,E1VFVN30,18.14,17.88,18.12,18.12,18.12,558300,10081000000
2/9/23,E1VFVN30,18.37,18.12,18.34,18.12,18.12,173700,3171000000
2/8/23,E1VFVN30,18.75,18.21,18.75,18.38,18.38,382200,7015000000
2/7/23,E1VFVN30,18.73,18.3,18.58,18.49,18.49,2557200,47319000000
2/6/23,E1VFVN30,18.63,18.28,18.4,18.56,18.56,208000,3834000000
2/3/23,E1VFVN30,18.7,18.44,18.69,18.49,18.49,132700,2465000000
2/2/23,E1VFVN30,18.72,18.47,18.72,18.55,18.55,176600,3281000000
2/1/23,E1VFVN30,19.3,18.51,19.3,18.52,18.52,353500,6702000000
1/31/23,E1VFVN30,19.2,18.72,19,19.2,19.2,142300,2684000000
1/30/23,E1VFVN30,19.27,19,19.25,19,19,519200,9934000000
1/27/23,E1VFVN30,19.44,19.21,19.4,19.21,19.21,1285700,24883000000
1/19/23,E1VFVN30,19.4,18.95,19,19.4,19.4,490400,9381000000
1/18/23,E1VFVN30,19,18.8,18.8,19,19,199800,3777000000
1/17/23,E1VFVN30,18.8,18.35,18.35,18.78,18.78,934500,17371000000
1/16/23,E1VFVN30,18.38,18.11,18.36,18.25,18.25,320300,5846000000
1/13/23,E1VFVN30,18.36,18.16,18.16,18.36,18.36,3086000,56409000000
1/12/23,E1VFVN30,18.49,18.05,18.2,18.13,18.13,2097700,38107000000
1/11/23,E1VFVN30,18.3,18.08,18.12,18.08,18.08,294700,5362000000
1/10/23,E1VFVN30,18.56,18,18.5,18.07,18.07,2247900,40709000000
1/9/23,E1VFVN30,18.36,18.04,18.3,18.05,18.05,2387100,43263000000
1/6/23,E1VFVN30,18.24,17.98,18.08,17.98,17.98,547300,9959000000
1/5/23,E1VFVN30,18.13,17.9,17.9,18.07,18.07,120900,2178000000
1/4/23,E1VFVN30,17.95,17.77,17.77,17.9,17.9,88400,1580000000
1/3/23,E1VFVN30,17.7,17.24,17.37,17.7,17.7,82900,1447000000
12/30/22,E1VFVN30,17.49,17.11,17.49,17.33,17.33,68700,1184000000
12/29/22,E1VFVN30,17.5,17.23,17.4,17.23,17.23,69800,1206000000
12/28/22,E1VFVN30,17.5,17.03,17.5,17.4,17.4,387300,6626000000
12/27/22,E1VFVN30,17.6,16.87,17,17.5,17.5,859000,14603000000
12/26/22,E1VFVN30,17.72,17,17.53,17.16,17.16,160900,2778000000
12/23/22,E1VFVN30,17.73,17.41,17.7,17.7,17.7,1174100,20625000000
12/22/22,E1VFVN30,17.86,17.46,17.46,17.7,17.7,344000,6107000000
12/21/22,E1VFVN30,17.9,17.27,17.62,17.43,17.43,1239000,21779000000
12/20/22,E1VFVN30,17.94,17.27,17.94,17.59,17.59,857600,14914000000
12/19/22,E1VFVN30,18.37,17.99,18.07,17.99,17.99,560600,10215000000
12/16/22,E1VFVN30,18.35,18.01,18.2,18.18,18.18,94700,1719000000
12/15/22,E1VFVN30,18.3,18,18.19,18.3,18.3,150400,2738000000
12/14/22,E1VFVN30,18.28,17.95,18,17.96,17.96,68200,1232000000
12/13/22,E1VFVN30,17.9,17.47,17.8,17.9,17.9,1163300,20557000000
12/12/22,E1VFVN30,18.32,17.7,18.2,17.8,17.8,92700,1672000000
12/9/22,E1VFVN30,18.32,17.88,18.16,18.18,18.18,339500,6141000000
12/8/22,E1VFVN30,18.62,18.04,18.04,18.1,18.1,1701900,31188000000
12/7/22,E1VFVN30,18.11,17.7,18.1,18,18,1240100,22312000000
12/6/22,E1VFVN30,18.9,18.1,18.9,18.1,18.1,2055400,38169000000
12/5/22,E1VFVN30,19.1,18.56,18.56,18.89,18.89,1204700,22730000000
12/2/22,E1VFVN30,18.5,17.51,18,18.5,18.5,1723500,30943000000
12/1/22,E1VFVN30,18.26,17.6,18.16,18.1,18.1,1069100,19272000000
11/30/22,E1VFVN30,17.8,17.3,17.35,17.8,17.8,405200,7113000000
11/29/22,E1VFVN30,17.34,16.95,17.15,17.34,17.34,1016800,17484000000
11/28/22,E1VFVN30,17.18,16.51,16.51,16.85,16.85,674400,11432000000
11/25/22,E1VFVN30,16.41,16.2,16.2,16.41,16.41,547000,8906000000
11/24/22,E1VFVN30,16.1,15.78,16.1,16.02,16.02,875900,13871000000
11/23/22,E1VFVN30,16.2,15.9,16.12,16.06,16.06,1833900,29360000000
11/22/22,E1VFVN30,16.8,16.02,16.29,16.12,16.12,2349700,38268000000
11/21/22,E1VFVN30,16.7,16.17,16.7,16.29,16.29,225400,3691000000
11/18/22,E1VFVN30,16.68,16,16.6,16.65,16.65,712500,11566000000
11/17/22,E1VFVN30,16.68,16.21,16.3,16.51,16.51,2987100,49000000000
11/16/22,E1VFVN30,16.2,14.66,15.15,16.15,16.15,1438300,22094000000
11/15/22,E1VFVN30,15.8,15.23,15.8,15.3,15.3,1287500,19850000000
11/14/22,E1VFVN30,15.92,15.51,15.8,15.8,15.8,2975400,47042000000
11/11/22,E1VFVN30,16.38,15.2,16,15.2,15.2,1636000,26176000000
11/10/22,E1VFVN30,16.75,15.6,16.75,15.6,15.6,920100,14596000000
11/9/22,E1VFVN30,16.91,16.5,16.59,16.54,16.54,172900,2882000000
11/8/22,E1VFVN30,16.7,16.2,16.58,16.56,16.56,739000,12129000000
11/7/22,E1VFVN30,17.05,16.5,17.05,16.55,16.55,352900,5881000000
11/4/22,E1VFVN30,17.6,16.55,17.42,16.93,16.93,868500,14676000000
11/3/22,E1VFVN30,17.55,17.07,17.07,17.42,17.42,205200,3568000000
11/2/22,E1VFVN30,17.67,17.39,17.52,17.39,17.39,218300,3817000000
11/1/22,E1VFVN30,17.81,17.5,17.58,17.52,17.52,447600,7900000000
10/31/22,E1VFVN30,17.58,17,17.51,17.58,17.58,282300,4874000000
10/28/22,E1VFVN30,17.84,17.45,17.5,17.5,17.5,239500,4217000000
10/27/22,E1VFVN30,17.34,16.71,16.71,17.34,17.34,499500,8503000000
10/26/22,E1VFVN30,17.4,16.61,16.8,16.68,16.68,407000,6809000000
10/25/22,E1VFVN30,17,16.1,16.5,16.61,16.61,1273700,21139000000
10/24/22,E1VFVN30,17.35,16.33,17.3,16.5,16.5,971900,16117000000
10/21/22,E1VFVN30,17.83,17,17.83,17.09,17.09,1034800,18264000000
10/20/22,E1VFVN30,17.98,17.7,17.98,17.92,17.92,1036600,18407000000
10/19/22,E1VFVN30,18.01,17.73,18,18.01,18.01,744100,13357000000
10/18/22,E1VFVN30,18.14,17.9,17.91,17.95,17.95,748100,13475000000
10/17/22,E1VFVN30,17.94,17.46,17.94,17.75,17.75,1332300,23539000000
10/14/22,E1VFVN30,18.14,17.81,17.81,18,18,608500,10951000000
10/13/22,E1VFVN30,17.7,17.11,17.65,17.7,17.7,1081300,18869000000
10/12/22,E1VFVN30,17.61,16.91,16.95,17.54,17.54,762400,13305000000
10/11/22,E1VFVN30,17.5,16.78,17.4,16.86,16.86,963200,16468000000
10/10/22,E1VFVN30,17.82,17.15,17.58,17.6,17.6,370300,6469000000
10/7/22,E1VFVN30,18.65,17.55,18.6,17.66,17.66,864600,15333000000
10/6/22,E1VFVN30,19.27,18.5,19.27,18.72,18.72,540000,10045000000
10/5/22,E1VFVN30,19.13,18.8,18.8,18.98,18.98,164100,3112000000
10/4/22,E1VFVN30,18.98,18.5,18.81,18.5,18.5,1652800,31014000000
10/3/22,E1VFVN30,19.88,18.74,19.88,18.8,18.8,1028200,19501000000
9/30/22,E1VFVN30,20,19.21,20,19.92,19.92,2073700,40214000000
9/29/22,E1VFVN30,20.18,19.66,20.18,19.9,19.9,2786600,55082000000
9/28/22,E1VFVN30,20.3,19.8,20.2,20.17,20.17,913100,18201000000
9/27/22,E1VFVN30,20.29,20.08,20.26,20.23,20.23,1883200,37924000000
9/26/22,E1VFVN30,20.64,20.02,20.64,20.27,20.27,1354700,27325000000
9/23/22,E1VFVN30,20.83,20.57,20.82,20.82,20.82,544900,11288000000
9/22/22,E1VFVN30,20.85,20.57,20.7,20.82,20.82,401600,8289000000
9/21/22,E1VFVN30,20.99,20.72,20.99,20.72,20.72,82700,1721000000
9/20/22,E1VFVN30,21.03,20.78,21,20.93,20.93,156500,3264000000
9/19/22,E1VFVN30,21.24,20.85,21.12,20.95,20.95,553500,11664000000
9/16/22,E1VFVN30,21.43,21.05,21.43,21.05,21.05,391500,8337000000
9/15/22,E1VFVN30,21.8,21.38,21.4,21.41,21.41,65900,1414000000
9/14/22,E1VFVN30,21.6,21.18,21.6,21.39,21.39,376400,8006000000
9/13/22,E1VFVN30,21.7,21.55,21.7,21.63,21.63,880600,19037000000
9/12/22,E1VFVN30,21.79,21.63,21.7,21.7,21.7,1059300,23013000000
9/9/22,E1VFVN30,21.57,21.38,21.47,21.54,21.54,497100,10686000000
9/8/22,E1VFVN30,21.82,21.47,21.82,21.49,21.49,594500,12816000000
9/7/22,E1VFVN30,21.94,21.63,21.94,21.8,21.8,1237900,26998000000
9/6/22,E1VFVN30,22.06,21.86,22.06,21.95,21.95,1383600,30327000000
9/5/22,E1VFVN30,22.08,21.73,22.07,22.06,22.06,1550000,34048000000
8/31/22,E1VFVN30,22.06,21.83,22,22.06,22.06,425800,9344000000
8/30/22,E1VFVN30,22.05,21.85,21.85,22,22,245400,5387000000
8/29/22,E1VFVN30,22,21.66,22,21.81,21.81,861700,18758000000
8/26/22,E1VFVN30,22.31,22.1,22.2,22.12,22.12,234100,5208000000
8/25/22,E1VFVN30,22.2,21.96,22,22.2,22.2,88700,1956000000
8/24/22,E1VFVN30,21.93,21.79,21.79,21.91,21.91,247200,5403000000
8/23/22,E1VFVN30,21.79,21.59,21.64,21.79,21.79,295300,6402000000
8/22/22,E1VFVN30,21.94,21.75,21.94,21.8,21.8,463100,10112000000
8/19/22,E1VFVN30,22.06,21.8,22.06,21.8,21.8,538400,11847000000
8/18/22,E1VFVN30,22.12,21.8,22.04,21.92,21.92,419000,9230000000
8/17/22,E1VFVN30,22.04,21.93,21.95,22.04,22.04,72300,1590000000
8/16/22,E1VFVN30,21.95,21.85,21.88,21.9,21.9,61700,1350000000
8/15/22,E1VFVN30,21.87,21.65,21.65,21.86,21.86,607700,13238000000
8/12/22,E1VFVN30,21.6,21.49,21.59,21.6,21.6,135300,2917000000
8/11/22,E1VFVN30,21.85,21.44,21.7,21.67,21.67,595500,12936000000
8/10/22,E1VFVN30,21.7,21.54,21.68,21.57,21.57,354700,7669000000
8/9/22,E1VFVN30,21.7,21.45,21.45,21.68,21.68,1020300,22042000000
8/8/22,E1VFVN30,21.62,21.39,21.5,21.43,21.43,1178900,25270000000
8/5/22,E1VFVN30,21.5,21.25,21.25,21.37,21.37,5711900,1.22362E+11
8/4/22,E1VFVN30,21.5,21.24,21.24,21.5,21.5,6552500,1.40482E+11
8/3/22,E1VFVN30,21.29,21.02,21.29,21.2,21.2,667200,14142000000
8/2/22,E1VFVN30,21.3,21.08,21.1,21.3,21.3,1776100,37529000000
8/1/22,E1VFVN30,21.1,20.93,20.97,21.1,21.1,1461600,30712000000
7/29/22,E1VFVN30,21.15,20.86,21.15,20.95,20.95,594100,12439000000
7/28/22,E1VFVN30,20.98,20.75,20.77,20.92,20.92,326200,6814000000
7/27/22,E1VFVN30,20.6,20.5,20.6,20.6,20.6,99700,2050000000
7/26/22,E1VFVN30,20.72,20.62,20.66,20.69,20.69,78400,1622000000
7/25/22,E1VFVN30,20.87,20.6,20.81,20.72,20.72,1201800,24813000000
7/22/22,E1VFVN30,20.94,20.7,20.81,20.89,20.89,1075600,22384000000
7/21/22,E1VFVN30,20.88,20.66,20.7,20.79,20.79,2127300,44167000000
7/20/22,E1VFVN30,20.76,20.6,20.6,20.7,20.7,1049200,21719000000
7/19/22,E1VFVN30,20.54,20.39,20.54,20.5,20.5,848200,17356000000
7/18/22,E1VFVN30,20.7,20.52,20.65,20.52,20.52,165900,3425000000
7/15/22,E1VFVN30,20.79,20.55,20.79,20.63,20.63,623100,12884000000
7/14/22,E1VFVN30,20.7,20.44,20.6,20.69,20.69,1661900,34097000000
7/13/22,E1VFVN30,20.66,20.47,20.65,20.63,20.63,1187900,24448000000
7/12/22,E1VFVN30,20.63,20.4,20.4,20.6,20.6,352200,7206000000
7/11/22,E1VFVN30,20.8,20.36,20.8,20.37,20.37,620600,12721000000
7/8/22,E1VFVN30,20.89,20.74,20.89,20.89,20.89,249500,5189000000
7/7/22,E1VFVN30,20.7,20.5,20.67,20.7,20.7,918000,18911000000
7/6/22,E1VFVN30,20.9,20.63,20.7,20.66,20.66,245000,5101000000
7/5/22,E1VFVN30,21.29,20.9,21.29,20.9,20.9,559600,11779000000
7/4/22,E1VFVN30,21.29,21.05,21.28,21.26,21.26,130600,2769000000
7/1/22,E1VFVN30,21.3,20.77,21.06,21.3,21.3,556900,11630000000
6/30/22,E1VFVN30,21.5,21.22,21.45,21.35,21.35,1233000,26392000000
6/29/22,E1VFVN30,21.5,21.1,21.4,21.45,21.45,202900,4348000000
6/28/22,E1VFVN30,21.5,21.1,21.24,21.45,21.45,811200,17236000000
6/27/22,E1VFVN30,21.16,20.81,20.81,21.11,21.11,73000,1532000000
6/24/22,E1VFVN30,21.24,20.79,21.24,20.79,20.79,260800,5463000000
6/23/22,E1VFVN30,20.89,20.6,20.89,20.75,20.75,349400,7250000000
6/22/22,E1VFVN30,20.93,20.62,20.72,20.9,20.9,713900,14865000000
6/21/22,E1VFVN30,20.9,20.44,20.51,20.6,20.6,206400,4254000000
6/20/22,E1VFVN30,21.33,20.71,21.33,20.71,20.71,493800,10395000000
6/17/22,E1VFVN30,21.5,20.76,21.38,21.4,21.4,2391100,49996000000
6/16/22,E1VFVN30,22.48,21.15,21.15,21.9,21.9,1657800,35644000000
6/15/22,E1VFVN30,21.5,20.9,21.5,21.01,21.01,1248400,26455000000
6/14/22,E1VFVN30,21.9,21.01,21.5,21.9,21.9,760300,16153000000
6/13/22,E1VFVN30,22,21.36,22,21.74,21.74,1586800,34471000000
6/10/22,E1VFVN30,22.53,22.1,22.4,22.4,22.4,1833900,41146000000
6/9/22,E1VFVN30,22.65,22.4,22.5,22.45,22.45,1640400,36917000000
6/8/22,E1VFVN30,22.65,22.33,22.35,22.4,22.4,1556000,35048000000
6/7/22,E1VFVN30,22.35,21.8,22.34,22.35,22.35,690600,15136000000
6/6/22,E1VFVN30,22.48,22.1,22.11,22.35,22.35,529100,11800000000
6/3/22,E1VFVN30,22.35,22.1,22.3,22.1,22.1,420700,9351000000
6/2/22,E1VFVN30,22.61,22.2,22.58,22.3,22.3,993700,22365000000
6/1/22,E1VFVN30,22.65,22.3,22.3,22.65,22.65,242100,5437000000
5/31/22,E1VFVN30,22.8,22.22,22.51,22.3,22.3,4448900,99499000000
5/30/22,E1VFVN30,23.8,22.25,22.4,22.6,22.6,3980300,89195000000
5/27/22,E1VFVN30,22.42,21.93,21.93,22.39,22.39,1459700,32369000000
5/26/22,E1VFVN30,22.1,21.9,22,21.93,21.93,1065700,23406000000
5/25/22,E1VFVN30,22,21.33,21.48,22,22,191400,4176000000
5/24/22,E1VFVN30,21.45,20.89,21.3,21.32,21.32,428300,9046000000
5/23/22,E1VFVN30,21.7,20.98,21.7,21.4,21.4,612100,12980000000
5/20/22,E1VFVN30,21.8,21.34,21.7,21.68,21.68,753200,16202000000
5/19/22,E1VFVN30,21.7,21.1,21.18,21.68,21.68,268200,5761000000
5/18/22,E1VFVN30,21.85,21.36,21.8,21.8,21.8,494100,10661000000
5/17/22,E1VFVN30,21.79,20.24,20.7,21.79,21.79,1075100,22404000000
5/16/22,E1VFVN30,21.5,20.5,21.5,20.7,20.7,1756300,36835000000
5/13/22,E1VFVN30,21.5,20.73,21.47,21.5,21.5,1640100,34962000000
5/12/22,E1VFVN30,22.55,21.42,22.55,21.47,21.47,732300,16303000000
5/11/22,E1VFVN30,22.9,22.22,22.9,22.8,22.8,2725200,61317000000
5/10/22,E1VFVN30,23,21.66,22,23,23,2449300,54124000000
5/9/22,E1VFVN30,23.19,22,23.08,22,22,600700,13469000000
5/6/22,E1VFVN30,23.4,22.98,23.39,22.99,22.99,2092100,48633000000
5/5/22,E1VFVN30,23.6,23.15,23.6,23.55,23.55,1397000,32787000000
5/4/22,E1VFVN30,23.99,23.42,23.99,23.5,23.5,261500,6172000000
4/29/22,E1VFVN30,23.96,23.5,23.89,23.96,23.96,491900,11672000000
4/28/22,E1VFVN30,23.9,23.46,23.9,23.89,23.89,522800,12343000000
4/27/22,E1VFVN30,24,23.03,23.77,24,24,1737000,40320000000
4/26/22,E1VFVN30,23.55,22.35,23.15,23.55,23.55,856600,19702000000
4/25/22,E1VFVN30,24.78,23.07,24.78,23.08,23.08,2194600,51549000000
4/22/22,E1VFVN30,24.99,24.08,24.5,24.8,24.8,1110800,27007000000
4/21/22,E1VFVN30,24.99,24,24.77,24.99,24.99,1165600,28187000000
4/20/22,E1VFVN30,25,24.18,24.95,24.8,24.8,2026500,49274000000
4/19/22,E1VFVN30,25.3,24.44,24.93,24.95,24.95,787500,19481000000
4/18/22,E1VFVN30,25.44,24.73,25.44,25.3,25.3,1568200,39114000000
4/15/22,E1VFVN30,25.6,25.16,25.6,25.5,25.5,362600,9177000000
4/14/22,E1VFVN30,25.9,25.52,25.9,25.52,25.52,444300,11427000000
4/13/22,E1VFVN30,25.9,25.39,25.6,25.9,25.9,299200,7632000000
4/12/22,E1VFVN30,25.9,25.33,25.89,25.9,25.9,491500,12545000000
4/8/22,E1VFVN30,26,25.72,25.76,25.88,25.88,879400,22716000000
4/7/22,E1VFVN30,26.21,25.76,25.85,25.76,25.76,2837000,73992000000
4/6/22,E1VFVN30,26.1,25.68,25.89,25.8,25.8,360600,9358000000
4/5/22,E1VFVN30,25.96,25.71,25.71,25.9,25.9,1235700,31988000000
3/22/22,E1VFVN30,25.45,25.26,25.29,25.41,25.41,2290300,58008000000
3/11/22,E1VFVN30,25.2,24.74,25.14,24.99,24.99,1318800,32837000000
3/3/22,E1VFVN30,25.7,25.22,25.3,25.68,25.68,1315200,33257000000
1/18/22,E1VFVN30,25.3,24.7,25,25.29,25.29,1140000,28373000000
1/17/22,E1VFVN30,25.7,25,25.7,25,25,727000,18375000000