date,code,floor,basic_price,ceiling_price,floor_price,close,open,high,low,average,adjust_close,adjust_open,adjust_high,adjust_low,adjust_average,change,adjust_change,percent_change,volume_match,value_match,volume_reconcile,value_reconcile,total_volume,total_value
11/8/24,FUEDCMID,HOSE,11.9,12.73,11.07,11.97,11.92,11.97,11.7,11.745,11.97,11.92,11.97,11.7,11.745,0.07,0.07,0.5882,27400,321810000,0,0,27400,321810000
11/7/24,FUEDCMID,HOSE,11.88,12.71,11.05,11.9,11.88,11.97,11.8,11.834,11.9,11.88,11.97,11.8,11.834,0.02,0.02,0.1684,43000,508878000,0,0,43000,508878000
11/6/24,FUEDCMID,HOSE,11.63,12.44,10.82,11.88,11.8,11.88,11.7,11.782,11.88,11.8,11.88,11.7,11.782,0.25,0.25,2.1496,8600,101327000,0,0,8600,101327000
11/5/24,FUEDCMID,HOSE,11.64,12.45,10.83,11.63,11.65,11.66,11.61,11.628,11.63,11.65,11.66,11.61,11.628,-0.01,-0.01,-0.0859,36300,422108000,0,0,36300,422108000
11/4/24,FUEDCMID,HOSE,11.73,12.55,10.91,11.64,11.98,11.98,11.61,11.647,11.64,11.98,11.98,11.61,11.647,-0.09,-0.09,-0.7673,13800,160725000,0,0,13800,160725000
11/1/24,FUEDCMID,HOSE,11.89,12.72,11.06,11.73,11.85,11.85,11.71,11.736,11.73,11.85,11.85,11.71,11.736,-0.16,-0.16,-1.3457,20900,245289000,0,0,20900,245289000
10/31/24,FUEDCMID,HOSE,11.78,12.6,10.96,11.89,11.78,11.89,11.77,11.843,11.89,11.78,11.89,11.77,11.843,0.11,0.11,0.9338,5000,59216000,0,0,5000,59216000
10/30/24,FUEDCMID,HOSE,11.82,12.64,11,11.78,11.82,11.82,11.75,11.782,11.78,11.82,11.82,11.75,11.782,-0.04,-0.04,-0.3384,8300,97789000,0,0,8300,97789000
10/29/24,FUEDCMID,HOSE,11.87,12.7,11.04,11.82,11.77,11.82,11.77,11.803,11.82,11.77,11.82,11.77,11.803,-0.05,-0.05,-0.4212,7300,86162000,0,0,7300,86162000
10/28/24,FUEDCMID,HOSE,11.68,12.49,10.87,11.87,11.68,12.42,11.56,11.689,11.87,11.68,12.42,11.56,11.689,0.19,0.19,1.6267,34100,398598000,0,0,34100,398598000
10/25/24,FUEDCMID,HOSE,11.83,12.65,11.01,11.68,11.83,11.83,11.68,11.731,11.68,11.83,11.83,11.68,11.731,-0.15,-0.15,-1.268,29100,341361000,0,0,29100,341361000
10/24/24,FUEDCMID,HOSE,11.95,12.78,11.12,11.83,11.84,11.88,11.75,11.799,11.83,11.84,11.88,11.75,11.799,-0.12,-0.12,-1.0042,23300,274914000,0,0,23300,274914000
10/23/24,FUEDCMID,HOSE,11.81,12.63,10.99,11.95,11.78,11.95,11.76,11.8,11.95,11.78,11.95,11.76,11.8,0.14,0.14,1.1854,19400,228915000,0,0,19400,228915000
10/22/24,FUEDCMID,HOSE,11.95,12.78,11.12,11.81,11.86,11.91,11.79,11.816,11.81,11.86,11.91,11.79,11.816,-0.14,-0.14,-1.1715,14600,172507000,0,0,14600,172507000
10/21/24,FUEDCMID,HOSE,11.96,12.79,11.13,11.95,11.92,11.95,11.86,11.894,11.95,11.92,11.95,11.86,11.894,-0.01,-0.01,-0.0836,3800,45197000,0,0,3800,45197000
10/18/24,FUEDCMID,HOSE,12,12.84,11.16,11.96,12.05,12.05,11.95,11.971,11.96,12.05,12.05,11.95,11.971,-0.04,-0.04,-0.3333,3900,46686000,0,0,3900,46686000
10/17/24,FUEDCMID,HOSE,11.82,12.64,11,12,11.82,12,11.75,11.8,12,11.82,12,11.75,11.8,0.18,0.18,1.5228,77200,910933000,0,0,77200,910933000
10/16/24,FUEDCMID,HOSE,11.8,12.62,10.98,11.82,11.89,11.89,11.82,11.876,11.82,11.89,11.89,11.82,11.876,0.02,0.02,0.1695,6100,72446000,0,0,6100,72446000
10/15/24,FUEDCMID,HOSE,12.01,12.85,11.17,11.8,12.01,12.01,11.8,11.919,11.8,12.01,12.01,11.8,11.919,-0.21,-0.21,-1.7485,40900,487475000,0,0,40900,487475000
10/14/24,FUEDCMID,HOSE,12.09,12.93,11.25,12.01,12.09,12.09,11.96,12.035,12.01,12.09,12.09,11.96,12.035,-0.08,-0.08,-0.6617,6700,80633000,0,0,6700,80633000
10/11/24,FUEDCMID,HOSE,11.98,12.81,11.15,12.09,11.99,12.11,11.99,12.069,12.09,11.99,12.11,11.99,12.069,0.11,0.11,0.9182,2000,24138000,0,0,2000,24138000
10/10/24,FUEDCMID,HOSE,12.07,12.91,11.23,11.98,12.15,12.19,11.98,12.103,11.98,12.15,12.19,11.98,12.103,-0.09,-0.09,-0.7457,24700,298949000,0,0,24700,298949000
10/9/24,FUEDCMID,HOSE,12.05,12.89,11.21,12.07,12.06,12.07,12.02,12.049,12.07,12.06,12.07,12.02,12.049,0.02,0.02,0.166,80500,969932000,0,0,80500,969932000
10/8/24,FUEDCMID,HOSE,11.9,12.73,11.07,12.05,11.97,12.05,11.97,12.008,12.05,11.97,12.05,11.97,12.008,0.15,0.15,1.2605,17000,204128000,0,0,17000,204128000
10/7/24,FUEDCMID,HOSE,11.92,12.75,11.09,11.9,11.94,11.95,11.86,11.917,11.9,11.94,11.95,11.86,11.917,-0.02,-0.02,-0.1678,16400,195443000,0,0,16400,195443000
10/4/24,FUEDCMID,HOSE,12.11,12.95,11.27,11.92,12.1,12.1,11.91,11.963,11.92,12.1,12.1,11.91,11.963,-0.19,-0.19,-1.569,9300,111260000,0,0,9300,111260000
10/3/24,FUEDCMID,HOSE,12.17,13.02,11.32,12.11,12.15,12.22,12,12.152,12.11,12.15,12.22,12,12.152,-0.06,-0.06,-0.493,44500,540781000,0,0,44500,540781000
10/2/24,FUEDCMID,HOSE,12.23,13.08,11.38,12.17,12.15,12.18,12.07,12.123,12.17,12.15,12.18,12.07,12.123,-0.06,-0.06,-0.4906,11800,143056000,0,0,11800,143056000
10/1/24,FUEDCMID,HOSE,12.15,13,11.3,12.23,12.06,12.26,12.06,12.191,12.23,12.06,12.26,12.06,12.191,0.08,0.08,0.6584,49100,598599000,0,0,49100,598599000
9/30/24,FUEDCMID,HOSE,12.15,13,11.3,12.15,12.15,12.15,12.07,12.142,12.15,12.15,12.15,12.07,12.142,0,0,0,17600,213694000,0,0,17600,213694000
9/27/24,FUEDCMID,HOSE,12.18,13.03,11.33,12.15,12.18,12.2,12.09,12.13,12.15,12.18,12.2,12.09,12.13,-0.03,-0.03,-0.2463,28500,345716000,0,0,28500,345716000
9/26/24,FUEDCMID,HOSE,12.1,12.94,11.26,12.18,12.13,12.18,12.1,12.128,12.18,12.13,12.18,12.1,12.128,0.08,0.08,0.6612,109800,1331596000,0,0,109800,1331596000
9/25/24,FUEDCMID,HOSE,12,12.84,11.16,12.1,12,12.1,12,12.025,12.1,12,12.1,12,12.025,0.1,0.1,0.8333,14100,169546000,0,0,14100,169546000
9/24/24,FUEDCMID,HOSE,11.89,12.72,11.06,12,11.83,12,11.83,11.857,12,11.83,12,11.83,11.857,0.11,0.11,0.9251,16300,193275000,300000,3552000000,316300,3745275000
9/23/24,FUEDCMID,HOSE,11.9,12.73,11.07,11.89,11.9,11.9,11.8,11.869,11.89,11.9,11.9,11.8,11.869,-0.01,-0.01,-0.084,20500,243316000,225000,2662650000,245500,2905966000
9/20/24,FUEDCMID,HOSE,11.84,12.66,11.02,11.9,11.95,12,11.9,11.939,11.9,11.95,12,11.9,11.939,0.06,0.06,0.5068,59200,706758000,194000,2301810000,253200,3008568000
9/19/24,FUEDCMID,HOSE,11.81,12.63,10.99,11.84,11.81,11.85,11.79,11.831,11.84,11.81,11.85,11.79,11.831,0.03,0.03,0.254,10400,123041000,0,0,10400,123041000
9/18/24,FUEDCMID,HOSE,11.8,12.62,10.98,11.81,11.79,11.85,11.73,11.771,11.81,11.79,11.85,11.73,11.771,0.01,0.01,0.0847,28000,329574000,0,0,28000,329574000
9/17/24,FUEDCMID,HOSE,11.7,12.51,10.89,11.8,11.51,11.8,11.51,11.644,11.8,11.51,11.8,11.51,11.644,0.1,0.1,0.8547,35900,418023000,0,0,35900,418023000
9/16/24,FUEDCMID,HOSE,11.75,12.57,10.93,11.7,11.75,11.75,11.6,11.666,11.7,11.75,11.75,11.6,11.666,-0.05,-0.05,-0.4255,13700,159817000,0,0,13700,159817000
9/13/24,FUEDCMID,HOSE,11.75,12.57,10.93,11.75,11.62,11.75,11.62,11.669,11.75,11.62,11.75,11.62,11.669,0,0,0,17300,201878000,410000,4774860000,427300,4976738000
9/12/24,FUEDCMID,HOSE,11.67,12.48,10.86,11.75,12.1,12.1,11.7,11.718,11.75,12.1,12.1,11.7,11.718,0.08,0.08,0.6855,39200,459353000,0,0,39200,459353000
9/11/24,FUEDCMID,HOSE,11.75,12.57,10.93,11.67,11.61,11.72,11.61,11.638,11.67,11.61,11.72,11.61,11.638,-0.08,-0.08,-0.6809,25000,290939000,0,0,25000,290939000
9/10/24,FUEDCMID,HOSE,11.81,12.63,10.99,11.75,11.81,11.82,11.63,11.7,11.75,11.81,11.82,11.63,11.7,-0.06,-0.06,-0.508,42200,493745000,150000,1768500000,192200,2262245000
9/9/24,FUEDCMID,HOSE,11.84,12.66,11.02,11.81,11.77,11.82,11.76,11.773,11.81,11.77,11.82,11.76,11.773,-0.03,-0.03,-0.2534,12900,151874000,0,0,12900,151874000
9/6/24,FUEDCMID,HOSE,11.9,12.73,11.07,11.84,11.9,11.9,11.8,11.827,11.84,11.9,11.9,11.8,11.827,-0.06,-0.06,-0.5042,43300,512091000,0,0,43300,512091000
9/5/24,FUEDCMID,HOSE,12,12.84,11.16,11.9,12,12,11.82,11.905,11.9,12,12,11.82,11.905,-0.1,-0.1,-0.8333,49600,590464000,0,0,49600,590464000
9/4/24,FUEDCMID,HOSE,12.17,13.02,11.32,12,12.17,12.17,11.81,11.947,12,12.17,12.17,11.81,11.947,-0.17,-0.17,-1.3969,3300,39425000,0,0,3300,39425000
8/30/24,FUEDCMID,HOSE,12.14,12.98,11.3,12.17,12.15,12.18,11.98,12.069,12.17,12.15,12.18,11.98,12.069,0.03,0.03,0.2471,2900,34999000,2000000,23950000000,2002900,23984999000
8/29/24,FUEDCMID,HOSE,12.09,12.93,11.25,12.14,11.97,12.14,11.97,12.067,12.14,11.97,12.14,11.97,12.067,0.05,0.05,0.4136,110400,1332234000,2000000,24140000000,2110400,25472234000
8/28/24,FUEDCMID,HOSE,12.05,12.89,11.21,12.09,12.02,12.09,11.95,12.016,12.09,12.02,12.09,11.95,12.016,0.04,0.04,0.332,8100,97326000,0,0,8100,97326000
8/27/24,FUEDCMID,HOSE,12.1,12.94,11.26,12.05,11.7,12.12,11.7,12.034,12.05,11.7,12.12,11.7,12.034,-0.05,-0.05,-0.4132,17700,213007000,0,0,17700,213007000
8/26/24,FUEDCMID,HOSE,12.1,12.94,11.26,12.1,12.22,12.22,12.09,12.133,12.1,12.22,12.22,12.09,12.133,0,0,0,9700,117686000,0,0,9700,117686000
8/23/24,FUEDCMID,HOSE,12.11,12.95,11.27,12.1,12.11,12.11,12.03,12.077,12.1,12.11,12.11,12.03,12.077,-0.01,-0.01,-0.0826,29100,351443000,0,0,29100,351443000
8/22/24,FUEDCMID,HOSE,12.11,12.95,11.27,12.11,12.1,12.14,12.09,12.111,12.11,12.1,12.14,12.09,12.111,0,0,0,21100,255544000,0,0,21100,255544000
8/21/24,FUEDCMID,HOSE,12,12.84,11.16,12.11,11.98,12.11,11.98,12.063,12.11,11.98,12.11,11.98,12.063,0.11,0.11,0.9167,13600,164057000,0,0,13600,164057000
8/20/24,FUEDCMID,HOSE,11.91,12.74,11.08,12,11.96,12,11.91,11.966,12,11.96,12,11.91,11.966,0.09,0.09,0.7557,52600,629435000,0,0,52600,629435000
8/19/24,FUEDCMID,HOSE,11.7,12.51,10.89,11.91,11.74,11.93,11.74,11.835,11.91,11.74,11.93,11.74,11.835,0.21,0.21,1.7949,14700,173972000,0,0,14700,173972000
8/16/24,FUEDCMID,HOSE,11.31,12.1,10.52,11.7,11.42,11.72,11.42,11.57232704,11.7,11.42,11.72,11.42,11.57232704,0.39,0.39,3.4483,15900,184000000,0,0,15900,184000000
8/15/24,FUEDCMID,HOSE,11.45,12.25,10.65,11.31,11.32,11.41,11.31,11.354,11.31,11.32,11.41,11.31,11.354,-0.14,-0.14,-1.2227,25000,283857000,0,0,25000,283857000
8/14/24,FUEDCMID,HOSE,11.49,12.29,10.69,11.45,11.49,11.51,11.39,11.457,11.45,11.49,11.51,11.39,11.457,-0.04,-0.04,-0.3481,16300,186752000,0,0,16300,186752000
8/13/24,FUEDCMID,HOSE,11.49,12.29,10.69,11.49,11.54,11.54,11.43,11.476,11.49,11.54,11.54,11.43,11.476,0,0,0,17700,203124000,0,0,17700,203124000
8/12/24,FUEDCMID,HOSE,11.38,12.17,10.59,11.49,11.32,11.49,11.32,11.345,11.49,11.32,11.49,11.32,11.345,0.11,0.11,0.9666,30600,347144000,0,0,30600,347144000
8/9/24,FUEDCMID,HOSE,11.23,12.01,10.45,11.38,11.32,11.39,11.28,11.374,11.38,11.32,11.39,11.28,11.374,0.15,0.15,1.3357,7900,89858000,0,0,7900,89858000
8/8/24,FUEDCMID,HOSE,11.31,12.1,10.52,11.23,11.26,11.26,11.17,11.206,11.23,11.26,11.26,11.17,11.206,-0.08,-0.08,-0.7073,13300,149037000,0,0,13300,149037000
8/7/24,FUEDCMID,HOSE,11.31,12.1,10.52,11.31,11.34,11.34,11.15,11.192,11.31,11.34,11.34,11.15,11.192,0,0,0,22000,246219000,0,0,22000,246219000
8/6/24,FUEDCMID,HOSE,11.44,12.24,10.64,11.31,11.43,11.44,10.92,11.037,11.31,11.43,11.44,10.92,11.037,-0.13,-0.13,-1.1364,159300,1758162000,0,0,159300,1758162000
8/5/24,FUEDCMID,HOSE,11.88,12.71,11.05,11.44,11.87,11.87,11.05,11.158,11.44,11.87,11.87,11.05,11.158,-0.44,-0.44,-3.7037,149900,1672505000,0,0,149900,1672505000
8/2/24,FUEDCMID,HOSE,11.5,12.3,10.7,11.88,11.22,11.88,11.16,11.272,11.88,11.22,11.88,11.16,11.272,0.38,0.38,3.3043,47900,539910000,0,0,47900,539910000
8/1/24,FUEDCMID,HOSE,11.88,12.71,11.05,11.5,11.8,11.8,11.38,11.535,11.5,11.8,11.8,11.38,11.535,-0.38,-0.38,-3.1987,56600,652886000,0,0,56600,652886000
7/31/24,FUEDCMID,HOSE,11.86,12.69,11.03,11.88,11.89,11.9,11.71,11.769,11.88,11.89,11.9,11.71,11.769,0.02,0.02,0.1686,26200,308347000,0,0,26200,308347000
7/30/24,FUEDCMID,HOSE,11.8,12.62,10.98,11.86,11.84,11.86,11.75,11.796,11.86,11.84,11.86,11.75,11.796,0.06,0.06,0.5085,16600,195812000,0,0,16600,195812000
7/29/24,FUEDCMID,HOSE,11.79,12.61,10.97,11.8,11.8,11.91,11.8,11.856,11.8,11.8,11.91,11.8,11.856,0.01,0.01,0.0848,9700,115000000,0,0,9700,115000000
7/26/24,FUEDCMID,HOSE,11.76,12.58,10.94,11.79,11.79,11.8,11.71,11.786,11.79,11.79,11.8,11.71,11.786,0.03,0.03,0.2551,15100,177973000,0,0,15100,177973000
7/25/24,FUEDCMID,HOSE,11.79,12.61,10.97,11.76,11.74,11.76,11.64,11.707,11.76,11.74,11.76,11.64,11.707,-0.03,-0.03,-0.2545,12400,145162000,170000,1987640000,182400,2132802000
7/24/24,FUEDCMID,HOSE,11.9,12.73,11.07,11.79,11.71,11.81,11.55,11.687,11.79,11.71,11.81,11.55,11.687,-0.11,-0.11,-0.9244,212500,2483398000,170000,1984070000,382500,4467468000
7/23/24,FUEDCMID,HOSE,12,12.84,11.16,11.9,11.98,11.98,11.74,11.832,11.9,11.98,11.98,11.74,11.832,-0.1,-0.1,-0.8333,53200,629459000,0,0,53200,629459000
7/22/24,FUEDCMID,HOSE,12.14,12.98,11.3,12,12.14,12.14,11.83,11.902,12,12.14,12.14,11.83,11.902,-0.14,-0.14,-1.1532,91500,1089021000,0,0,91500,1089021000
7/19/24,FUEDCMID,HOSE,12.07,12.91,11.23,12.14,12.15,12.23,12.08,12.131,12.14,12.15,12.23,12.08,12.131,0.07,0.07,0.58,56200,681748000,0,0,56200,681748000
7/18/24,FUEDCMID,HOSE,12.1,12.94,11.26,12.07,12.12,12.59,11.99,12.063,12.07,12.12,12.59,11.99,12.063,-0.03,-0.03,-0.2479,107400,1295534000,0,0,107400,1295534000
7/17/24,FUEDCMID,HOSE,12.4,13.26,11.54,12.1,12.4,12.46,12,12.295,12.1,12.4,12.46,12,12.295,-0.3,-0.3,-2.4194,205800,2530213000,0,0,205800,2530213000
7/16/24,FUEDCMID,HOSE,12.4,13.26,11.54,12.4,12.41,12.49,12.38,12.439,12.4,12.41,12.49,12.38,12.439,0,0,0,30900,384376000,0,0,30900,384376000
7/15/24,FUEDCMID,HOSE,12.38,13.24,11.52,12.4,12.39,12.4,12.3,12.385,12.4,12.39,12.4,12.3,12.385,0.02,0.02,0.1616,10300,127562000,0,0,10300,127562000
7/12/24,FUEDCMID,HOSE,12.42,13.28,11.56,12.38,12.43,12.46,12.35,12.362,12.38,12.43,12.46,12.35,12.362,-0.04,-0.04,-0.3221,17300,213857000,0,0,17300,213857000
7/11/24,FUEDCMID,HOSE,12.46,13.33,11.59,12.42,12.52,12.52,12.41,12.482,12.42,12.52,12.52,12.41,12.482,-0.04,-0.04,-0.321,14200,177247000,0,0,14200,177247000
7/10/24,FUEDCMID,HOSE,12.5,13.37,11.63,12.46,12.5,12.51,12.45,12.478,12.46,12.5,12.51,12.45,12.478,-0.04,-0.04,-0.32,36100,450457000,0,0,36100,450457000
7/9/24,FUEDCMID,HOSE,12.39,13.25,11.53,12.5,12.41,12.5,12.41,12.462,12.5,12.41,12.5,12.41,12.462,0.11,0.11,0.8878,6600,82250000,0,0,6600,82250000
7/8/24,FUEDCMID,HOSE,12.36,13.22,11.5,12.39,12.36,12.41,12.33,12.395,12.39,12.36,12.41,12.33,12.395,0.03,0.03,0.2427,17500,216916000,600000,7429800000,617500,7646716000
7/5/24,FUEDCMID,HOSE,12.31,13.17,11.45,12.36,12.31,12.38,12.3,12.318,12.36,12.31,12.38,12.3,12.318,0.05,0.05,0.4062,6100,75140000,1100000,13513500000,1106100,13588640000
7/4/24,FUEDCMID,HOSE,12.28,13.13,11.43,12.31,12.35,12.39,12.31,12.353,12.31,12.35,12.39,12.31,12.353,0.03,0.03,0.2443,2300,28412000,0,0,2300,28412000
7/3/24,FUEDCMID,HOSE,12.12,12.96,11.28,12.28,12.39,12.39,12.14,12.254,12.28,12.39,12.39,12.14,12.254,0.16,0.16,1.3201,10000,122541000,500000,6104000000,510000,6226541000
7/2/24,FUEDCMID,HOSE,12.08,12.92,11.24,12.12,12.08,12.12,12.03,12.105,12.12,12.08,12.12,12.03,12.105,0.04,0.04,0.3311,22400,271144000,0,0,22400,271144000
7/1/24,FUEDCMID,HOSE,12.1,12.94,11.26,12.08,12.1,12.1,11.91,11.95,12.08,12.1,12.1,11.91,11.95,-0.02,-0.02,-0.1653,13700,163708000,0,0,13700,163708000
6/28/24,FUEDCMID,HOSE,12.12,12.96,11.28,12.1,12.1,12.12,11.93,12.053,12.1,12.1,12.12,11.93,12.053,-0.02,-0.02,-0.165,10600,127762000,400000,4849200000,410600,4976962000
6/27/24,FUEDCMID,HOSE,12.08,12.92,11.24,12.12,12.08,12.12,12.05,12.07,12.12,12.08,12.12,12.05,12.07,0.04,0.04,0.3311,2700,32588000,0,0,2700,32588000
6/26/24,FUEDCMID,HOSE,12.1,12.94,11.26,12.08,12.11,12.11,11.99,12.058,12.08,12.11,12.11,11.99,12.058,-0.02,-0.02,-0.1653,1900,22911000,0,0,1900,22911000
6/25/24,FUEDCMID,HOSE,12.02,12.86,11.18,12.1,12.1,12.1,11.98,12.049,12.1,12.1,12.1,11.98,12.049,0.08,0.08,0.6656,7800,93979000,0,0,7800,93979000
6/24/24,FUEDCMID,HOSE,12.37,13.23,11.51,12.02,12.37,12.37,12.02,12.113,12.02,12.37,12.37,12.02,12.113,-0.35,-0.35,-2.8294,191500,2319698000,0,0,191500,2319698000
6/21/24,FUEDCMID,HOSE,12.35,13.21,11.49,12.37,12.35,12.4,12.34,12.365,12.37,12.35,12.4,12.34,12.365,0.02,0.02,0.1619,10400,128600000,100000,1233400000,110400,1362000000
6/20/24,FUEDCMID,HOSE,12.3,13.16,11.44,12.35,12.37,12.43,12.32,12.342,12.35,12.37,12.43,12.32,12.342,0.05,0.05,0.4065,35400,436910000,0,0,35400,436910000
6/19/24,FUEDCMID,HOSE,12.29,13.15,11.43,12.3,12.29,12.44,12.2,12.281,12.3,12.29,12.44,12.2,12.281,0.01,0.01,0.0814,37000,454402000,0,0,37000,454402000
6/18/24,FUEDCMID,HOSE,12.3,13.16,11.44,12.29,12.31,12.38,12.27,12.289,12.29,12.31,12.38,12.27,12.289,-0.01,-0.01,-0.0813,39900,490321000,0,0,39900,490321000
6/17/24,FUEDCMID,HOSE,12.4,13.26,11.54,12.3,12.43,12.43,12.2,12.248,12.3,12.43,12.43,12.2,12.248,-0.1,-0.1,-0.8065,35000,428695000,0,0,35000,428695000
6/14/24,FUEDCMID,HOSE,12.52,13.39,11.65,12.4,12.72,12.72,12.4,12.511,12.4,12.72,12.72,12.4,12.511,-0.12,-0.12,-0.9585,8900,111345000,0,0,8900,111345000
6/13/24,FUEDCMID,HOSE,12.47,13.34,11.6,12.52,12.58,12.58,12.47,12.521,12.52,12.58,12.58,12.47,12.521,0.05,0.05,0.401,35200,440720000,0,0,35200,440720000
6/12/24,FUEDCMID,HOSE,12.34,13.2,11.48,12.47,11.88,12.54,11.88,12.336,12.47,11.88,12.54,11.88,12.336,0.13,0.13,1.0535,74600,920288000,0,0,74600,920288000
6/11/24,FUEDCMID,HOSE,12.42,13.28,11.56,12.34,12.5,12.5,12.31,12.361,12.34,12.5,12.5,12.31,12.361,-0.08,-0.08,-0.6441,41900,517916000,0,0,41900,517916000
6/10/24,FUEDCMID,HOSE,12.35,13.21,11.49,12.42,12.36,12.42,11.54,11.975,12.42,12.36,12.42,11.54,11.975,0.07,0.07,0.5668,162300,1943502000,0,0,162300,1943502000
6/7/24,FUEDCMID,HOSE,12.35,13.21,11.49,12.35,12.36,12.45,12.32,12.339,12.35,12.36,12.45,12.32,12.339,0,0,0,31600,389919000,0,0,31600,389919000
6/6/24,FUEDCMID,HOSE,12.45,13.32,11.58,12.35,12.45,12.45,12.35,12.422,12.35,12.45,12.45,12.35,12.422,-0.1,-0.1,-0.8032,26200,325461000,0,0,26200,325461000
6/5/24,FUEDCMID,HOSE,12.45,13.32,11.58,12.45,12.5,12.55,12.42,12.515,12.45,12.5,12.55,12.42,12.515,0,0,0,49100,614466000,0,0,49100,614466000
6/4/24,FUEDCMID,HOSE,12.4,13.26,11.54,12.45,12.4,12.53,12.4,12.433,12.45,12.4,12.53,12.4,12.433,0.05,0.05,0.4032,9300,115624000,0,0,9300,115624000
6/3/24,FUEDCMID,HOSE,12.35,13.21,11.49,12.4,12.35,12.44,12.35,12.4,12.4,12.35,12.44,12.35,12.4,0.05,0.05,0.4049,30000,372002000,0,0,30000,372002000
5/31/24,FUEDCMID,HOSE,12.25,13.1,11.4,12.35,12.18,12.35,12.18,12.28,12.35,12.18,12.35,12.18,12.28,0.1,0.1,0.8163,23600,289817000,0,0,23600,289817000
5/30/24,FUEDCMID,HOSE,12.27,13.12,11.42,12.25,12.27,12.27,12,12.106,12.25,12.27,12.27,12,12.106,-0.02,-0.02,-0.163,14100,170698000,0,0,14100,170698000
5/29/24,FUEDCMID,HOSE,12.2,13.05,11.35,12.27,12.21,12.31,12.1,12.202,12.27,12.21,12.31,12.1,12.202,0.07,0.07,0.5738,9300,113481000,0,0,9300,113481000
5/28/24,FUEDCMID,HOSE,12,12.84,11.16,12.2,12.05,12.2,12.05,12.078,12.2,12.05,12.2,12.05,12.078,0.2,0.2,1.6667,33000,398568000,0,0,33000,398568000
5/27/24,FUEDCMID,HOSE,12.15,13,11.3,12,12.15,12.15,11.91,12.014,12,12.15,12.15,11.91,12.014,-0.15,-0.15,-1.2346,26900,323185000,0,0,26900,323185000
5/24/24,FUEDCMID,HOSE,12.27,13.12,11.42,12.15,12.12,12.26,12.07,12.134,12.15,12.12,12.26,12.07,12.134,-0.12,-0.12,-0.978,77700,942795000,0,0,77700,942795000
5/23/24,FUEDCMID,HOSE,12.12,12.96,11.28,12.27,12.09,12.27,12.01,12.125,12.27,12.09,12.27,12.01,12.125,0.15,0.15,1.2376,7700,93362000,0,0,7700,93362000
5/22/24,FUEDCMID,HOSE,12.07,12.91,11.23,12.12,12.12,12.18,12.01,12.119,12.12,12.12,12.18,12.01,12.119,0.05,0.05,0.4143,53000,642307000,0,0,53000,642307000
5/21/24,FUEDCMID,HOSE,12.08,12.92,11.24,12.07,12.08,12.1,11.97,12.023,12.07,12.08,12.1,11.97,12.023,-0.01,-0.01,-0.0828,19300,232043000,0,0,19300,232043000
5/20/24,FUEDCMID,HOSE,12,12.84,11.16,12.08,12.3,12.84,12.01,12.133,12.08,12.3,12.84,12.01,12.133,0.08,0.08,0.6667,174100,2112290000,0,0,174100,2112290000
5/17/24,FUEDCMID,HOSE,11.88,12.71,11.05,12,11.96,12,11.87,11.938,12,11.96,12,11.87,11.938,0.12,0.12,1.0101,10200,121764000,0,0,10200,121764000
5/16/24,FUEDCMID,HOSE,11.73,12.55,10.91,11.88,11.87,11.92,11.87,11.885,11.88,11.87,11.92,11.87,11.885,0.15,0.15,1.2788,30500,362484000,130000,1541800000,160500,1904284000
5/15/24,FUEDCMID,HOSE,11.63,12.44,10.82,11.73,12.09,12.09,11.6,11.71,11.73,12.09,12.09,11.6,11.71,0.1,0.1,0.8598,13400,156915000,0,0,13400,156915000
5/14/24,FUEDCMID,HOSE,11.51,12.31,10.71,11.63,11.54,11.64,11.54,11.584,11.63,11.54,11.64,11.54,11.584,0.12,0.12,1.0426,9300,107729000,0,0,9300,107729000
5/13/24,FUEDCMID,HOSE,11.65,12.46,10.84,11.51,11.6,11.63,11.5,11.555,11.51,11.6,11.63,11.5,11.555,-0.14,-0.14,-1.2017,49500,571988000,0,0,49500,571988000
5/10/24,FUEDCMID,HOSE,11.61,12.42,10.8,11.65,11.69,11.69,11.49,11.61,11.65,11.69,11.69,11.49,11.61,0.04,0.04,0.3445,56600,657145000,0,0,56600,657145000
5/9/24,FUEDCMID,HOSE,11.56,12.36,10.76,11.61,11.62,11.7,11.56,11.609,11.61,11.62,11.7,11.56,11.609,0.05,0.05,0.4325,22400,260042000,0,0,22400,260042000
5/8/24,FUEDCMID,HOSE,11.69,12.5,10.88,11.56,11.56,11.6,11.41,11.533,11.56,11.56,11.6,11.41,11.533,-0.13,-0.13,-1.1121,19900,229498000,0,0,19900,229498000
5/7/24,FUEDCMID,HOSE,11.52,12.32,10.72,11.69,11.74,11.74,11.5,11.541,11.69,11.74,11.74,11.5,11.541,0.17,0.17,1.4757,19600,226201000,20000,230900000,39600,457101000
5/6/24,FUEDCMID,HOSE,11.33,12.12,10.54,11.52,11.4,11.54,11.4,11.449,11.52,11.4,11.54,11.4,11.449,0.19,0.19,1.677,18500,211809000,20000,229600000,38500,441409000
5/3/24,FUEDCMID,HOSE,11.3,12.09,10.51,11.33,11.5,11.5,11.33,11.407,11.33,11.5,11.5,11.33,11.407,0.03,0.03,0.2655,13500,153993000,510000,5784420000,523500,5938413000
5/2/24,FUEDCMID,HOSE,11.25,12.03,10.47,11.3,11.49,11.49,11.21,11.263,11.3,11.49,11.49,11.21,11.263,0.05,0.05,0.4444,10500,118260000,0,0,10500,118260000
4/26/24,FUEDCMID,HOSE,11.25,12.03,10.47,11.25,11.2,11.95,11.1,11.314,11.25,11.2,11.95,11.1,11.314,0,0,0,8700,98435000,0,0,8700,98435000
4/25/24,FUEDCMID,HOSE,11.29,12.08,10.5,11.25,11.29,11.29,11.08,11.213,11.25,11.29,11.29,11.08,11.213,-0.04,-0.04,-0.3543,12700,142403000,0,0,12700,142403000
4/24/24,FUEDCMID,HOSE,10.89,11.65,10.13,11.29,11.14,11.29,11.01,11.047,11.29,11.14,11.29,11.01,11.047,0.4,0.4,3.6731,542100,5988586000,0,0,542100,5988586000
4/23/24,FUEDCMID,HOSE,11.24,12.02,10.46,10.89,10.98,11.04,10.8,10.948,10.89,10.98,11.04,10.8,10.948,-0.35,-0.35,-3.1139,51000,558343000,0,0,51000,558343000
4/22/24,FUEDCMID,HOSE,11.19,11.97,10.41,11.24,11.19,11.24,10.9,10.983,11.24,11.19,11.24,10.9,10.983,0.05,0.05,0.4468,43100,473344000,0,0,43100,473344000
4/19/24,FUEDCMID,HOSE,11.5,12.3,10.7,11.19,11.11,12.2,10.75,10.86,11.19,11.11,12.2,10.75,10.86,-0.31,-0.31,-2.6957,148800,1615912000,0,0,148800,1615912000
4/17/24,FUEDCMID,HOSE,11.5,12.3,10.7,11.5,11.9,11.9,11,11.108,11.5,11.9,11.9,11,11.108,0,0,0,384200,4267819000,0,0,384200,4267819000
4/16/24,FUEDCMID,HOSE,11.44,12.24,10.64,11.5,11.36,11.5,11.01,11.23,11.5,11.36,11.5,11.01,11.23,0.06,0.06,0.5245,253800,2850088000,0,0,253800,2850088000
4/15/24,FUEDCMID,HOSE,11.89,12.72,11.06,11.44,11.99,11.99,11.44,11.799,11.44,11.99,11.99,11.44,11.799,-0.45,-0.45,-3.7847,69600,821194000,0,0,69600,821194000
4/12/24,FUEDCMID,HOSE,11.8,12.62,10.98,11.89,11.8,11.92,11.7,11.808,11.89,11.8,11.92,11.7,11.808,0.09,0.09,0.7627,17600,207814000,0,0,17600,207814000
4/11/24,FUEDCMID,HOSE,11.67,12.48,10.86,11.8,11.67,11.8,11.58,11.66,11.8,11.67,11.8,11.58,11.66,0.13,0.13,1.114,9200,107269000,0,0,9200,107269000
4/10/24,FUEDCMID,HOSE,11.85,12.67,11.03,11.67,11.86,11.86,11.67,11.756,11.67,11.86,11.86,11.67,11.756,-0.18,-0.18,-1.519,25300,297429000,0,0,25300,297429000
4/9/24,FUEDCMID,HOSE,11.61,12.42,10.8,11.85,11.62,11.85,11.59,11.662,11.85,11.62,11.85,11.59,11.662,0.24,0.24,2.0672,32400,377837000,0,0,32400,377837000
4/8/24,FUEDCMID,HOSE,11.8,12.62,10.98,11.61,11.77,11.77,11.61,11.657,11.61,11.77,11.77,11.61,11.657,-0.19,-0.19,-1.6102,17900,208659000,0,0,17900,208659000
4/5/24,FUEDCMID,HOSE,11.8,12.62,10.98,11.8,11.89,11.89,11.7,11.744,11.8,11.89,11.89,11.7,11.744,0,0,0,39000,458016000,0,0,39000,458016000
4/4/24,FUEDCMID,HOSE,11.92,12.75,11.09,11.8,11.9,11.96,11.8,11.894,11.8,11.9,11.96,11.8,11.894,-0.12,-0.12,-1.0067,94800,1127572000,0,0,94800,1127572000
4/3/24,FUEDCMID,HOSE,12.07,12.91,11.23,11.92,12.01,12.05,11.92,11.984,11.92,12.01,12.05,11.92,11.984,-0.15,-0.15,-1.2428,40200,481742000,0,0,40200,481742000
4/2/24,FUEDCMID,HOSE,12,12.84,11.16,12.07,12,12.07,11.83,11.893,12.07,12,12.07,11.83,11.893,0.07,0.07,0.5833,47100,560156000,0,0,47100,560156000
4/1/24,FUEDCMID,HOSE,12.1,12.94,11.26,12,12.11,12.11,11.86,11.9,12,12.11,12.11,11.86,11.9,-0.1,-0.1,-0.8264,77200,918714000,0,0,77200,918714000
3/29/24,FUEDCMID,HOSE,12.14,12.98,11.3,12.1,12.05,12.1,11.9,11.951,12.1,12.05,12.1,11.9,11.951,-0.04,-0.04,-0.3295,8200,97999000,0,0,8200,97999000
3/28/24,FUEDCMID,HOSE,11.92,12.75,11.09,12.14,12,12.14,11.98,12.032,12.14,12,12.14,11.98,12.032,0.22,0.22,1.8456,22400,269517000,0,0,22400,269517000
3/27/24,FUEDCMID,HOSE,12.02,12.86,11.18,11.92,12.21,12.21,11.87,11.898,11.92,12.21,12.21,11.87,11.898,-0.1,-0.1,-0.8319,12900,153479000,0,0,12900,153479000
3/26/24,FUEDCMID,HOSE,12.02,12.86,11.18,12.02,12.02,12.02,11.77,11.813,12.02,12.02,12.02,11.77,11.813,0,0,0,36700,433537000,0,0,36700,433537000
3/25/24,FUEDCMID,HOSE,11.94,12.77,11.11,12.02,12,12.02,11.75,11.864,12.02,12,12.02,11.75,11.864,0.08,0.08,0.67,75400,894517000,0,0,75400,894517000
3/22/24,FUEDCMID,HOSE,11.85,12.67,11.03,11.94,11.85,12.04,11.85,12.02,11.94,11.85,12.04,11.85,12.02,0.09,0.09,0.7595,39000,468660000,0,0,39000,468660000
3/21/24,FUEDCMID,HOSE,11.84,12.66,11.02,11.85,11.84,11.9,11.84,11.89,11.85,11.84,11.9,11.84,11.89,0.01,0.01,0.0845,13300,158116000,0,0,13300,158116000
3/20/24,FUEDCMID,HOSE,11.85,12.67,11.03,11.84,11.84,11.84,11.55,11.72,11.84,11.84,11.84,11.55,11.72,-0.01,-0.01,-0.0844,58700,687799000,0,0,58700,687799000
3/19/24,FUEDCMID,HOSE,11.95,12.78,11.12,11.85,11.99,11.99,11.5,11.58,11.85,11.99,11.99,11.5,11.58,-0.1,-0.1,-0.8368,15000,173644000,0,0,15000,173644000
3/18/24,FUEDCMID,HOSE,11.9,12.73,11.07,11.95,11.92,11.95,11.31,11.47,11.95,11.92,11.95,11.31,11.47,0.05,0.05,0.4202,67100,769412000,0,0,67100,769412000
3/15/24,FUEDCMID,HOSE,11.8,12.62,10.98,11.9,11.96,11.96,11.7,11.84,11.9,11.96,11.96,11.7,11.84,0.1,0.1,0.8475,47300,559962000,0,0,47300,559962000
3/14/24,FUEDCMID,HOSE,11.84,12.66,11.02,11.8,11.84,11.84,11.75,11.81,11.8,11.84,11.84,11.75,11.81,-0.04,-0.04,-0.3378,18300,216181000,0,0,18300,216181000
3/13/24,FUEDCMID,HOSE,11.6,12.41,10.79,11.84,11.65,11.84,11.61,11.67,11.84,11.65,11.84,11.61,11.67,0.24,0.24,2.069,52400,611254000,0,0,52400,611254000
3/12/24,FUEDCMID,HOSE,11.49,12.29,10.69,11.6,11.49,11.6,11.42,11.45,11.6,11.49,11.6,11.42,11.45,0.11,0.11,0.9574,23000,263308000,0,0,23000,263308000
3/11/24,FUEDCMID,HOSE,11.61,12.42,10.8,11.49,11.47,11.59,11.34,11.47,11.49,11.47,11.59,11.34,11.47,-0.12,-0.12,-1.0336,21000,240775000,0,0,21000,240775000
3/8/24,FUEDCMID,HOSE,11.66,12.47,10.85,11.61,11.65,11.65,11.52,11.56,11.61,11.65,11.65,11.52,11.56,-0.05,-0.05,-0.4288,45200,522442000,340000,3933800000,385200,4456242000
3/7/24,FUEDCMID,HOSE,11.63,12.44,10.82,11.66,11.63,11.67,11.05,11.62,11.66,11.63,11.67,11.05,11.62,0.03,0.03,0.258,78200,908954000,0,0,78200,908954000
3/6/24,FUEDCMID,HOSE,11.7,12.51,10.89,11.63,11.7,11.77,11.63,11.71,11.63,11.7,11.77,11.63,11.71,-0.07,-0.07,-0.5983,43800,513084000,0,0,43800,513084000
3/5/24,FUEDCMID,HOSE,11.66,12.47,10.85,11.7,11.7,11.7,11.62,11.65,11.7,11.7,11.7,11.62,11.65,0.04,0.04,0.3431,57700,671920000,0,0,57700,671920000
3/4/24,FUEDCMID,HOSE,11.55,12.35,10.75,11.66,11.55,11.67,11.55,11.58,11.66,11.55,11.67,11.55,11.58,0.11,0.11,0.9524,71000,822215000,0,0,71000,822215000
3/1/24,FUEDCMID,HOSE,11.4,12.19,10.61,11.55,11.42,11.55,11.42,11.43,11.55,11.42,11.55,11.42,11.43,0.15,0.15,1.3158,57300,655161000,0,0,57300,655161000
2/29/24,FUEDCMID,HOSE,11.41,12.2,10.62,11.4,11.5,11.5,11.36,11.39,11.4,11.5,11.5,11.36,11.39,-0.01,-0.01,-0.0876,41000,467076000,0,0,41000,467076000
2/28/24,FUEDCMID,HOSE,11.32,12.11,10.53,11.41,11.3,11.43,11.3,11.4,11.41,11.3,11.43,11.3,11.4,0.09,0.09,0.7951,24000,273589000,0,0,24000,273589000
2/27/24,FUEDCMID,HOSE,11.25,12.03,10.47,11.32,11.2,11.32,11.2,11.23,11.32,11.2,11.32,11.2,11.23,0.07,0.07,0.6222,29900,335757000,0,0,29900,335757000
2/26/24,FUEDCMID,HOSE,11.08,11.85,10.31,11.25,10.9,11.25,10.9,11.1,11.25,10.9,11.25,10.9,11.1,0.17,0.17,1.5343,28400,315261000,0,0,28400,315261000
2/23/24,FUEDCMID,HOSE,11.29,12.08,10.5,11.08,11.35,11.35,11.05,11.27,11.08,11.35,11.35,11.05,11.27,-0.21,-0.21,-1.8601,92800,1045575000,0,0,92800,1045575000
2/22/24,FUEDCMID,HOSE,11.27,12.05,10.49,11.29,11.2,11.3,11.2,11.27,11.29,11.2,11.3,11.2,11.27,0.02,0.02,0.1775,8600,96945000,0,0,8600,96945000
2/21/24,FUEDCMID,HOSE,11.27,12.05,10.49,11.27,11.27,11.28,11.24,11.26,11.27,11.27,11.28,11.24,11.26,0,0,0,26200,295116000,0,0,26200,295116000
2/20/24,FUEDCMID,HOSE,11.25,12.03,10.47,11.27,11.25,11.27,11.25,11.26,11.27,11.25,11.27,11.25,11.26,0.02,0.02,0.1778,7200,81052000,0,0,7200,81052000
2/19/24,FUEDCMID,HOSE,11.25,12.03,10.47,11.25,11.5,11.5,11.22,11.27,11.25,11.5,11.5,11.22,11.27,0,0,0,7000,78893000,0,0,7000,78893000
2/16/24,FUEDCMID,HOSE,11.25,12.03,10.47,11.25,11.39,11.39,11.16,11.22,11.25,11.39,11.39,11.16,11.22,0,0,0,54200,608075000,0,0,54200,608075000
2/15/24,FUEDCMID,HOSE,11.19,11.97,10.41,11.25,11.2,11.34,11.2,11.24,11.25,11.2,11.34,11.2,11.24,0.06,0.06,0.5362,24700,277657000,0,0,24700,277657000
2/7/24,FUEDCMID,HOSE,11.13,11.9,10.36,11.19,11.31,11.31,11.05,11.14,11.19,11.31,11.31,11.05,11.14,0.06,0.06,0.5391,14600,162583000,0,0,14600,162583000
2/6/24,FUEDCMID,HOSE,11.06,11.83,10.29,11.13,11.06,11.13,11.03,11.05,11.13,11.06,11.13,11.03,11.05,0.07,0.07,0.6329,32500,359284000,0,0,32500,359284000
2/5/24,FUEDCMID,HOSE,10.99,11.75,10.23,11.06,11.01,11.12,10.97,11.08,11.06,11.01,11.12,10.97,11.08,0.07,0.07,0.6369,74000,820166000,0,0,74000,820166000
2/2/24,FUEDCMID,HOSE,10.94,11.7,10.18,10.99,11.04,11.04,10.97,10.98,10.99,11.04,11.04,10.97,10.98,0.05,0.05,0.457,20800,228442000,0,0,20800,228442000
2/1/24,FUEDCMID,HOSE,10.9,11.66,10.14,10.94,10.81,11.6,10.81,11.22,10.94,10.81,11.6,10.81,11.22,0.04,0.04,0.367,8100,90846000,0,0,8100,90846000
1/31/24,FUEDCMID,HOSE,10.91,11.67,10.15,10.9,10.95,10.99,10.82,10.92,10.9,10.95,10.99,10.82,10.92,-0.01,-0.01,-0.0917,33800,369007000,0,0,33800,369007000
1/30/24,FUEDCMID,HOSE,10.87,11.63,10.11,10.91,10.87,10.91,10.87,10.9,10.91,10.87,10.91,10.87,10.9,0.04,0.04,0.368,26600,289926000,0,0,26600,289926000
1/29/24,FUEDCMID,HOSE,10.87,11.63,10.11,10.87,10.91,10.91,10.87,10.89,10.87,10.91,10.91,10.87,10.89,0,0,0,28300,308105000,0,0,28300,308105000
1/26/24,FUEDCMID,HOSE,10.77,11.52,10.02,10.87,10.87,10.9,10.87,10.88,10.87,10.87,10.9,10.87,10.88,0.1,0.1,0.9285,1000,10879000,180000,1953000000,181000,1963879000
1/25/24,FUEDCMID,HOSE,10.8,11.55,10.05,10.77,10.82,10.83,10.77,10.81,10.77,10.82,10.83,10.77,10.81,-0.03,-0.03,-0.2778,10100,109182000,0,0,10100,109182000
1/24/24,FUEDCMID,HOSE,10.85,11.6,10.1,10.8,10.85,10.89,10.8,10.84,10.8,10.85,10.89,10.8,10.84,-0.05,-0.05,-0.4608,8400,91088000,0,0,8400,91088000
1/23/24,FUEDCMID,HOSE,10.83,11.58,10.08,10.85,10.9,10.9,10.78,10.79,10.85,10.9,10.9,10.78,10.79,0.02,0.02,0.1847,19600,211545000,0,0,19600,211545000
1/22/24,FUEDCMID,HOSE,10.88,11.64,10.12,10.83,10.88,10.88,10.79,10.82,10.83,10.88,10.88,10.79,10.82,-0.05,-0.05,-0.4596,16600,179674000,180000,1944000000,196600,2123674000
1/19/24,FUEDCMID,HOSE,10.9,11.66,10.14,10.88,10.98,10.99,10.88,10.94,10.88,10.98,10.99,10.88,10.94,-0.02,-0.02,-0.1835,18500,202391000,0,0,18500,202391000
1/18/24,FUEDCMID,HOSE,10.83,11.58,10.08,10.9,10.83,10.9,10.8,10.84,10.9,10.83,10.9,10.8,10.84,0.07,0.07,0.6464,2600,28176000,0,0,2600,28176000
1/17/24,FUEDCMID,HOSE,10.75,11.5,10,10.83,10.76,10.83,10.76,10.79,10.83,10.76,10.83,10.76,10.79,0.08,0.08,0.7442,1800,19417000,0,0,1800,19417000
1/16/24,FUEDCMID,HOSE,10.65,11.39,9.91,10.75,10.6,10.75,10.56,10.62,10.75,10.6,10.75,10.56,10.62,0.1,0.1,0.939,55900,593478000,0,0,55900,593478000
1/15/24,FUEDCMID,HOSE,10.74,11.49,9.99,10.65,10.74,10.8,10.65,10.76,10.65,10.74,10.8,10.65,10.76,-0.09,-0.09,-0.838,21800,234601000,0,0,21800,234601000
1/12/24,FUEDCMID,HOSE,10.72,11.47,9.97,10.74,10.71,10.77,10.6,10.63,10.74,10.71,10.77,10.6,10.63,0.02,0.02,0.1866,213100,2266213000,0,0,213100,2266213000
1/11/24,FUEDCMID,HOSE,10.84,11.59,10.09,10.72,10.78,10.86,10.72,10.77,10.72,10.78,10.86,10.72,10.77,-0.12,-0.12,-1.107,16300,175584000,0,0,16300,175584000
1/10/24,FUEDCMID,HOSE,10.86,11.62,10.1,10.84,10.88,10.88,10.73,10.79,10.84,10.88,10.88,10.73,10.79,-0.02,-0.02,-0.1842,6500,70146000,0,0,6500,70146000
1/9/24,FUEDCMID,HOSE,11.05,11.82,10.28,10.86,11.29,11.29,10.83,10.88,10.86,11.29,11.29,10.83,10.88,-0.19,-0.19,-1.7195,27600,300240000,2700000,29376000000,2727600,29676240000
1/8/24,FUEDCMID,HOSE,10.9,11.66,10.14,11.05,10.92,11.05,10.82,10.9,11.05,10.92,11.05,10.82,10.9,0.15,0.15,1.3761,53500,583270000,0,0,53500,583270000
1/5/24,FUEDCMID,HOSE,10.85,11.6,10.1,10.9,11.3,11.3,10.75,11.01,10.9,11.3,11.3,10.75,11.01,0.05,0.05,0.4608,14900,164030000,0,0,14900,164030000
1/4/24,FUEDCMID,HOSE,10.73,11.48,9.98,10.85,10.73,10.97,10.73,10.89,10.85,10.73,10.97,10.73,10.89,0.12,0.12,1.1184,22400,243830000,0,0,22400,243830000
1/3/24,FUEDCMID,HOSE,10.68,11.42,9.94,10.73,10.66,10.73,10.64,10.69,10.73,10.66,10.73,10.64,10.69,0.05,0.05,0.4682,14700,157163000,0,0,14700,157163000
1/2/24,FUEDCMID,HOSE,10.9,11.66,10.14,10.68,11,11,10.68,10.72,10.68,11,11,10.68,10.72,-0.22,-0.22,-2.0183,6800,72904000,0,0,6800,72904000
12/29/23,FUEDCMID,HOSE,10.69,11.43,9.95,10.9,10.7,10.9,10.65,10.86,10.9,10.7,10.9,10.65,10.86,0.21,0.21,1.9645,20200,219393000,0,0,20200,219393000
12/28/23,FUEDCMID,HOSE,10.69,11.43,9.95,10.69,10.69,10.75,10.65,10.68,10.69,10.69,10.75,10.65,10.68,0,0,0,10100,107863000,0,0,10100,107863000
12/27/23,FUEDCMID,HOSE,10.64,11.38,9.9,10.69,10.63,10.69,10.63,10.67,10.69,10.63,10.69,10.63,10.67,0.05,0.05,0.4699,2800,29864000,0,0,2800,29864000
12/26/23,FUEDCMID,HOSE,10.67,11.41,9.93,10.64,10.63,10.64,10.6,10.63,10.64,10.63,10.64,10.6,10.63,-0.03,-0.03,-0.2812,9900,105274000,0,0,9900,105274000
12/25/23,FUEDCMID,HOSE,10.69,11.43,9.95,10.67,10.58,10.67,10.52,10.64,10.67,10.58,10.67,10.52,10.64,-0.02,-0.02,-0.1871,34600,368111000,0,0,34600,368111000
12/22/23,FUEDCMID,HOSE,10.7,11.44,9.96,10.69,10.7,10.7,10.45,10.45,10.69,10.7,10.7,10.45,10.45,-0.01,-0.01,-0.0935,214100,2238240000,0,0,214100,2238240000
12/21/23,FUEDCMID,HOSE,10.69,11.43,9.95,10.7,10.46,10.7,10.42,10.52,10.7,10.46,10.7,10.42,10.52,0.01,0.01,0.0935,1600,16826000,0,0,1600,16826000
12/20/23,FUEDCMID,HOSE,10.4,11.12,9.68,10.69,10.4,10.69,10.4,10.45,10.69,10.4,10.69,10.4,10.45,0.29,0.29,2.7885,700,7317000,0,0,700,7317000
12/19/23,FUEDCMID,HOSE,10.33,11.05,9.61,10.4,10.27,10.4,10.24,10.27,10.4,10.27,10.4,10.24,10.27,0.07,0.07,0.6776,15500,159120000,0,0,15500,159120000
12/18/23,FUEDCMID,HOSE,10.34,11.06,9.62,10.33,10.32,10.33,10.25,10.3,10.33,10.32,10.33,10.25,10.3,-0.01,-0.01,-0.0967,17300,178267000,400000,4118000000,417300,4296267000
12/15/23,FUEDCMID,HOSE,10.44,11.17,9.71,10.34,10.44,10.44,10.34,10.36,10.34,10.44,10.44,10.34,10.36,-0.1,-0.1,-0.9579,22100,228924000,0,0,22100,228924000
12/14/23,FUEDCMID,HOSE,10.6,11.34,9.86,10.44,10.6,10.6,10.44,10.52,10.44,10.6,10.6,10.44,10.52,-0.16,-0.16,-1.5094,3700,38911000,0,0,3700,38911000
12/13/23,FUEDCMID,HOSE,10.68,11.42,9.94,10.6,10.7,10.7,10.49,10.57,10.6,10.7,10.7,10.49,10.57,-0.08,-0.08,-0.7491,508100,5369189000,0,0,508100,5369189000
12/12/23,FUEDCMID,HOSE,10.71,11.45,9.97,10.68,10.7,10.7,10.6,10.67,10.68,10.7,10.7,10.6,10.67,-0.03,-0.03,-0.2801,4000,42671000,0,0,4000,42671000
12/11/23,FUEDCMID,HOSE,10.8,11.55,10.05,10.71,10.8,10.8,10.59,10.65,10.71,10.8,10.8,10.59,10.65,-0.09,-0.09,-0.8333,19500,207664000,0,0,19500,207664000
12/8/23,FUEDCMID,HOSE,10.75,11.5,10,10.8,10.7,11.3,10.65,10.78,10.8,10.7,11.3,10.65,10.78,0.05,0.05,0.4651,38900,419301000,0,0,38900,419301000
12/7/23,FUEDCMID,HOSE,10.79,11.54,10.04,10.75,10.82,10.85,10.54,10.61,10.75,10.82,10.85,10.54,10.61,-0.04,-0.04,-0.3707,253700,2691913000,100000,1068500000,353700,3760413000
12/6/23,FUEDCMID,HOSE,10.72,11.47,9.97,10.79,10.7,10.79,10.69,10.7,10.79,10.7,10.79,10.69,10.7,0.07,0.07,0.653,19700,210723000,0,0,19700,210723000
12/5/23,FUEDCMID,HOSE,10.72,11.47,9.97,10.72,10.76,10.76,10.68,10.7,10.72,10.76,10.76,10.68,10.7,0,0,0,2600,27819000,0,0,2600,27819000
12/4/23,FUEDCMID,HOSE,10.48,11.21,9.75,10.72,10.47,10.72,10.47,10.58,10.72,10.47,10.72,10.47,10.58,0.24,0.24,2.2901,68100,720442000,0,0,68100,720442000
12/1/23,FUEDCMID,HOSE,10.41,11.13,9.69,10.48,10.36,10.48,10.27,10.28,10.48,10.36,10.48,10.27,10.28,0.07,0.07,0.6724,221700,2278337000,0,0,221700,2278337000
11/30/23,FUEDCMID,HOSE,10.38,11.1,9.66,10.41,10.34,10.44,10.34,10.35,10.41,10.34,10.44,10.34,10.35,0.03,0.03,0.289,21400,221433000,0,0,21400,221433000
11/29/23,FUEDCMID,HOSE,10.45,11.18,9.72,10.38,10.26,10.38,10.26,10.3,10.38,10.26,10.38,10.26,10.3,-0.07,-0.07,-0.6699,13900,143172000,0,0,13900,143172000
11/28/23,FUEDCMID,HOSE,10.3,11.02,9.58,10.45,10.3,10.45,10.12,10.23,10.45,10.3,10.45,10.12,10.23,0.15,0.15,1.4563,3100,31707000,0,0,3100,31707000
11/27/23,FUEDCMID,HOSE,10.19,10.9,9.48,10.3,10.19,10.37,10.18,10.25,10.3,10.19,10.37,10.18,10.25,0.11,0.11,1.0795,49900,511529000,170000,1749300000,219900,2260829000
11/24/23,FUEDCMID,HOSE,10.5,11.23,9.77,10.19,10.36,10.36,10.1,10.18,10.19,10.36,10.36,10.1,10.18,-0.31,-0.31,-2.9524,215300,2191912000,0,0,215300,2191912000
11/23/23,FUEDCMID,HOSE,10.61,11.35,9.87,10.5,10.65,10.67,10.5,10.59,10.5,10.65,10.67,10.5,10.59,-0.11,-0.11,-1.0368,2500,26481000,0,0,2500,26481000
11/22/23,FUEDCMID,HOSE,10.5,11.23,9.77,10.61,10.5,10.61,10.44,10.54,10.61,10.5,10.61,10.44,10.54,0.11,0.11,1.0476,33400,351947000,0,0,33400,351947000
11/21/23,FUEDCMID,HOSE,10.45,11.18,9.72,10.5,10.45,10.5,10.45,10.47,10.5,10.45,10.5,10.45,10.47,0.05,0.05,0.4785,3900,40825000,0,0,3900,40825000
11/20/23,FUEDCMID,HOSE,10.45,11.18,9.72,10.45,9.82,10.45,9.82,10.38,10.45,9.82,10.45,9.82,10.38,0,0,0,62300,646863000,0,0,62300,646863000
11/17/23,FUEDCMID,HOSE,10.49,11.22,9.76,10.45,10.5,10.65,10.35,10.37,10.45,10.5,10.65,10.35,10.37,-0.04,-0.04,-0.3813,410800,4260356000,0,0,410800,4260356000
11/16/23,FUEDCMID,HOSE,10.5,11.23,9.77,10.49,10.31,10.49,10.31,10.41,10.49,10.31,10.49,10.31,10.41,-0.01,-0.01,-0.0952,126100,1313096000,0,0,126100,1313096000
11/15/23,FUEDCMID,HOSE,10.42,11.14,9.7,10.5,10.5,10.64,10.26,10.6,10.5,10.5,10.64,10.26,10.6,0.08,0.08,0.7678,20700,219345000,0,0,20700,219345000
11/14/23,FUEDCMID,HOSE,10.23,10.94,9.52,10.42,10.25,10.44,10.25,10.42,10.42,10.25,10.44,10.25,10.42,0.19,0.19,1.8573,10300,107354000,0,0,10300,107354000
11/13/23,FUEDCMID,HOSE,10.6,11.34,9.86,10.23,10.6,10.6,10.23,10.27,10.23,10.6,10.6,10.23,10.27,-0.37,-0.37,-3.4906,2700,27739000,200000,2053000000,202700,2080739000
11/10/23,FUEDCMID,HOSE,10.3,11.02,9.58,10.6,10.3,10.6,10.17,10.25,10.6,10.3,10.6,10.17,10.25,0.3,0.3,2.9126,24000,246118000,0,0,24000,246118000
11/9/23,FUEDCMID,HOSE,10.15,10.86,9.44,10.3,10.15,10.35,10.15,10.32,10.3,10.15,10.35,10.15,10.32,0.15,0.15,1.4778,31700,327008000,0,0,31700,327008000
11/8/23,FUEDCMID,HOSE,9.77,10.45,9.09,10.15,9.8,10.15,9.75,9.88,10.15,9.8,10.15,9.75,9.88,0.38,0.38,3.8895,71900,710288000,0,0,71900,710288000
11/7/23,FUEDCMID,HOSE,9.8,10.48,9.12,9.77,9.8,9.8,9.77,9.79,9.77,9.8,9.8,9.77,9.79,-0.03,-0.03,-0.3061,24300,237990000,0,0,24300,237990000
11/6/23,FUEDCMID,HOSE,9.81,10.49,9.13,9.8,9.82,9.82,9.75,9.8,9.8,9.82,9.82,9.75,9.8,-0.01,-0.01,-0.1019,16100,157780000,0,0,16100,157780000
11/3/23,FUEDCMID,HOSE,9.7,10.37,9.03,9.81,9.7,9.81,9.6,9.7,9.81,9.7,9.81,9.6,9.7,0.11,0.11,1.134,5100,49480000,0,0,5100,49480000
11/2/23,FUEDCMID,HOSE,9.23,9.87,8.59,9.7,9.3,9.7,9.08,9.33,9.7,9.3,9.7,9.08,9.33,0.47,0.47,5.0921,61100,570006000,170000,1592050000,231100,2162056000
11/1/23,FUEDCMID,HOSE,9.89,10.58,9.2,9.23,9.89,9.89,9.21,9.42,9.23,9.89,9.89,9.21,9.42,-0.66,-0.66,-6.6734,43300,407926000,0,0,43300,407926000
10/31/23,FUEDCMID,HOSE,9.43,10.09,8.77,9.89,9.43,10,9.05,9.12,9.89,9.43,10,9.05,9.12,0.46,0.46,4.878,550300,5019807000,100000,901000000,650300,5920807000
10/30/23,FUEDCMID,HOSE,9.6,10.27,8.93,9.43,9.5,9.76,9.38,9.49,9.43,9.5,9.76,9.38,9.49,-0.17,-0.17,-1.7708,237900,2258225000,100000,925500000,337900,3183725000
10/27/23,FUEDCMID,HOSE,9.5,10.16,8.84,9.6,9.5,9.99,9.4,9.56,9.6,9.5,9.99,9.4,9.56,0.1,0.1,1.0526,13500,129003000,0,0,13500,129003000
10/26/23,FUEDCMID,HOSE,9.86,10.55,9.17,9.5,9.66,10.49,9.33,9.44,9.5,9.66,10.49,9.33,9.44,-0.36,-0.36,-3.6511,1533100,14476528000,0,0,1533100,14476528000
10/25/23,FUEDCMID,HOSE,9.88,10.57,9.19,9.86,9.97,10,9.86,9.93,9.86,9.97,10,9.86,9.93,-0.02,-0.02,-0.2024,303300,3011831000,100000,987200000,403300,3999031000
10/24/23,FUEDCMID,HOSE,9.76,10.44,9.08,9.88,9.83,9.88,9.79,9.84,9.88,9.83,9.88,9.79,9.84,0.12,0.12,1.2295,6300,62000000,0,0,6300,62000000
10/23/23,FUEDCMID,HOSE,9.83,10.51,9.15,9.76,9.83,9.85,9.75,9.8,9.76,9.83,9.85,9.75,9.8,-0.07,-0.07,-0.7121,8100,79343000,0,0,8100,79343000
10/20/23,FUEDCMID,HOSE,9.62,10.29,8.95,9.83,9.63,9.83,9.58,9.62,9.83,9.63,9.83,9.58,9.62,0.21,0.21,2.183,10100,97193000,0,0,10100,97193000
10/19/23,FUEDCMID,HOSE,9.63,10.3,8.96,9.62,9.66,9.86,9.62,9.7,9.62,9.66,9.86,9.62,9.7,-0.01,-0.01,-0.1038,346200,3356736000,0,0,346200,3356736000
10/18/23,FUEDCMID,HOSE,10.2,10.91,9.49,9.63,10.18,10.19,9.54,9.8,9.63,10.18,10.19,9.54,9.8,-0.57,-0.57,-5.5882,545600,5349071000,0,0,545600,5349071000
10/17/23,FUEDCMID,HOSE,10.39,11.11,9.67,10.2,10.4,10.41,10.2,10.21,10.2,10.4,10.41,10.2,10.21,-0.19,-0.19,-1.8287,216200,2207811000,100000,992000000,316200,3199811000
10/16/23,FUEDCMID,HOSE,10.48,11.21,9.75,10.39,10.2,10.46,10.2,10.35,10.39,10.2,10.46,10.2,10.35,-0.09,-0.09,-0.8588,9700,100400000,0,0,9700,100400000
10/13/23,FUEDCMID,HOSE,10.38,11.1,9.66,10.48,10.3,10.48,10.29,10.34,10.48,10.3,10.48,10.29,10.34,0.1,0.1,0.9634,249100,2576271000,0,0,249100,2576271000
10/12/23,FUEDCMID,HOSE,10.31,11.03,9.59,10.38,10.31,10.5,10.31,10.41,10.38,10.31,10.5,10.31,10.41,0.07,0.07,0.679,209100,2176333000,0,0,209100,2176333000
10/11/23,FUEDCMID,HOSE,10.31,11.03,9.59,10.31,10.3,10.31,10.24,10.27,10.31,10.3,10.31,10.24,10.27,0,0,0,215800,2216766000,0,0,215800,2216766000
10/10/23,FUEDCMID,HOSE,10.22,10.93,9.51,10.31,10.37,10.37,10.31,10.34,10.31,10.37,10.37,10.31,10.34,0.09,0.09,0.8806,227400,2350220000,0,0,227400,2350220000
10/9/23,FUEDCMID,HOSE,10.11,10.81,9.41,10.22,10.11,10.23,10.01,10.16,10.22,10.11,10.23,10.01,10.16,0.11,0.11,1.088,118500,1203400000,0,0,118500,1203400000
10/6/23,FUEDCMID,HOSE,10,10.7,9.3,10.11,10,10.4,9.87,9.91,10.11,10,10.4,9.87,9.91,0.11,0.11,1.1,125600,1245244000,0,0,125600,1245244000
10/5/23,FUEDCMID,HOSE,10.68,11.42,9.94,10,10.69,10.69,9.95,9.97,10,10.69,10.69,9.95,9.97,-0.68,-0.68,-6.367,212400,2116889000,0,0,212400,2116889000
10/4/23,FUEDCMID,HOSE,10.02,10.72,9.32,10.68,9.9,10.7,9.8,9.85,10.68,9.9,10.7,9.8,9.85,0.66,0.66,6.5868,139000,1369450000,1200000,12010000000,1339000,13379450000
10/3/23,FUEDCMID,HOSE,10.35,11.07,9.63,10.02,10.34,10.34,9.95,10.01,10.02,10.34,10.34,9.95,10.01,-0.33,-0.33,-3.1884,52700,527687000,0,0,52700,527687000
10/2/23,FUEDCMID,HOSE,10.3,11.02,9.58,10.35,10.32,10.4,10.32,10.37,10.35,10.32,10.4,10.32,10.37,0.05,0.05,0.4854,6100,63278000,0,0,6100,63278000
9/29/23,FUEDCMID,HOSE,10.19,10.9,9.48,10.3,10.25,10.33,10.25,10.28,10.3,10.25,10.33,10.25,10.28,0.11,0.11,1.0795,4500,46243000,0,0,4500,46243000
9/28/23,FUEDCMID,HOSE,10.16,10.87,9.45,10.19,10.2,10.21,10.06,10.18,10.19,10.2,10.21,10.06,10.18,0.03,0.03,0.2953,13000,132292000,0,0,13000,132292000
9/27/23,FUEDCMID,HOSE,10.12,10.82,9.42,10.16,10.04,10.16,9.94,10.02,10.16,10.04,10.16,9.94,10.02,0.04,0.04,0.3953,111300,1115039000,0,0,111300,1115039000
9/26/23,FUEDCMID,HOSE,10.28,10.99,9.57,10.12,10.2,10.25,10,10.14,10.12,10.2,10.25,10,10.14,-0.16,-0.16,-1.5564,24900,252597000,0,0,24900,252597000
9/25/23,FUEDCMID,HOSE,10.79,11.54,10.04,10.28,10.79,10.79,10.28,10.56,10.28,10.79,10.79,10.28,10.56,-0.51,-0.51,-4.7266,65900,695612000,0,0,65900,695612000
9/22/23,FUEDCMID,HOSE,11.23,12.01,10.45,10.79,10.61,11.96,10.61,10.8,10.79,10.61,11.96,10.61,10.8,-0.44,-0.44,-3.9181,41300,445958000,0,0,41300,445958000
9/21/23,FUEDCMID,HOSE,11.25,12.03,10.47,11.23,11.25,11.25,11.1,11.13,11.23,11.25,11.25,11.1,11.13,-0.02,-0.02,-0.1778,3800,42307000,0,0,3800,42307000
9/20/23,FUEDCMID,HOSE,11,11.77,10.23,11.25,11,11.25,10.97,10.99,11.25,11,11.25,10.97,10.99,0.25,0.25,2.2727,15500,170377000,0,0,15500,170377000
9/19/23,FUEDCMID,HOSE,11.08,11.85,10.31,11,11.03,11.04,10.82,11,11,11.03,11.04,10.82,11,-0.08,-0.08,-0.722,232300,2556343000,0,0,232300,2556343000
9/18/23,FUEDCMID,HOSE,11.16,11.94,10.38,11.08,11.16,11.16,10.91,10.98,11.08,11.16,11.16,10.91,10.98,-0.08,-0.08,-0.7168,11700,128412000,0,0,11700,128412000
9/15/23,FUEDCMID,HOSE,11.01,11.78,10.24,11.16,11.01,11.16,11.01,11.08,11.16,11.01,11.16,11.01,11.08,0.15,0.15,1.3624,5800,64275000,0,0,5800,64275000
9/14/23,FUEDCMID,HOSE,11.18,11.96,10.4,11.01,11.26,11.26,11,11.08,11.01,11.26,11.26,11,11.08,-0.17,-0.17,-1.5206,12100,134048000,0,0,12100,134048000
9/13/23,FUEDCMID,HOSE,11.18,11.96,10.4,11.18,11.18,11.28,11.18,11.24,11.18,11.18,11.28,11.18,11.24,0,0,0,17600,197835000,0,0,17600,197835000
9/12/23,FUEDCMID,HOSE,11.09,11.86,10.32,11.18,11.04,11.18,11.04,11.08,11.18,11.04,11.18,11.04,11.08,0.09,0.09,0.8115,4400,48766000,0,0,4400,48766000
9/11/23,FUEDCMID,HOSE,11.16,11.94,10.38,11.09,11.94,11.94,10.95,11.14,11.09,11.94,11.94,10.95,11.14,-0.07,-0.07,-0.6272,22800,253963000,0,0,22800,253963000
9/8/23,FUEDCMID,HOSE,11.18,11.96,10.4,11.16,11.2,11.2,11.1,11.14,11.16,11.2,11.2,11.1,11.14,-0.02,-0.02,-0.1789,29400,327556000,0,0,29400,327556000
9/7/23,FUEDCMID,HOSE,11.05,11.82,10.28,11.18,11.05,11.23,11.05,11.14,11.18,11.05,11.23,11.05,11.14,0.13,0.13,1.1765,2500,27857000,0,0,2500,27857000
9/6/23,FUEDCMID,HOSE,11,11.77,10.23,11.05,10.99,11.05,10.9,10.95,11.05,10.99,11.05,10.9,10.95,0.05,0.05,0.4545,15700,171925000,0,0,15700,171925000
9/5/23,FUEDCMID,HOSE,10.86,11.62,10.1,11,10.99,11,10.98,10.99,11,10.99,11,10.98,10.99,0.14,0.14,1.2891,4400,48356000,0,0,4400,48356000
8/31/23,FUEDCMID,HOSE,10.65,11.39,9.91,10.86,10.73,10.87,10.73,10.84,10.86,10.73,10.87,10.73,10.84,0.21,0.21,1.9718,4300,46631000,0,0,4300,46631000
8/30/23,FUEDCMID,HOSE,10.55,11.28,9.82,10.65,10.6,10.69,10.58,10.61,10.65,10.6,10.69,10.58,10.61,0.1,0.1,0.9479,12600,133657000,0,0,12600,133657000
8/29/23,FUEDCMID,HOSE,10.46,11.19,9.73,10.55,10.5,10.55,10.47,10.51,10.55,10.5,10.55,10.47,10.51,0.09,0.09,0.8604,3400,35742000,0,0,3400,35742000
8/28/23,FUEDCMID,HOSE,10.32,11.04,9.6,10.46,10.4,10.46,10.33,10.4,10.46,10.4,10.46,10.33,10.4,0.14,0.14,1.3566,9300,96686000,0,0,9300,96686000
8/25/23,FUEDCMID,HOSE,10.2,10.91,9.49,10.32,10.3,10.32,10.24,10.26,10.32,10.3,10.32,10.24,10.26,0.12,0.12,1.1765,11300,115882000,0,0,11300,115882000
8/24/23,FUEDCMID,HOSE,9.9,10.59,9.21,10.2,10.02,10.5,9.94,9.98,10.2,10.02,10.5,9.94,9.98,0.3,0.3,3.0303,14300,142744000,0,0,14300,142744000
8/23/23,FUEDCMID,HOSE,9.98,10.67,9.29,9.9,10.09,10.61,9.88,9.95,9.9,10.09,10.61,9.88,9.95,-0.08,-0.08,-0.8016,70300,699687000,0,0,70300,699687000
8/22/23,FUEDCMID,HOSE,9.9,10.59,9.21,9.98,9.9,9.98,9.63,9.76,9.98,9.9,9.98,9.63,9.76,0.08,0.08,0.8081,59200,577643000,0,0,59200,577643000
8/21/23,FUEDCMID,HOSE,9.83,10.51,9.15,9.9,9.83,9.91,9.73,9.85,9.9,9.83,9.91,9.73,9.85,0.07,0.07,0.7121,17200,169419000,0,0,17200,169419000
8/18/23,FUEDCMID,HOSE,10.53,11.26,9.8,9.83,10.54,10.54,9.83,10.19,9.83,10.54,10.54,9.83,10.19,-0.7,-0.7,-6.6477,39900,406485000,0,0,39900,406485000
8/17/23,FUEDCMID,HOSE,10.54,11.27,9.81,10.53,10.54,10.6,10.53,10.56,10.53,10.54,10.6,10.53,10.56,-0.01,-0.01,-0.0949,6800,71823000,0,0,6800,71823000
8/16/23,FUEDCMID,HOSE,10.49,11.22,9.76,10.54,10.49,10.54,10.45,10.49,10.54,10.49,10.54,10.45,10.49,0.05,0.05,0.4766,11200,117483000,0,0,11200,117483000
8/15/23,FUEDCMID,HOSE,10.45,11.18,9.72,10.49,10.46,10.5,10.46,10.49,10.49,10.46,10.5,10.46,10.49,0.04,0.04,0.3828,800,8391000,0,0,800,8391000
8/14/23,FUEDCMID,HOSE,10.27,10.98,9.56,10.45,10.35,10.45,10.35,10.36,10.45,10.35,10.45,10.35,10.36,0.18,0.18,1.7527,14400,149218000,0,0,14400,149218000
8/11/23,FUEDCMID,HOSE,10.28,10.99,9.57,10.27,10.36,10.36,10.23,10,10.27,10.36,10.36,10.23,10,-0.01,-0.01,-0.0973,3200,32000000,0,0,3200,32000000
8/10/23,FUEDCMID,HOSE,10.39,11.11,9.67,10.28,10.41,10.41,10.28,10.38,10.28,10.41,10.41,10.28,10.38,-0.11,-0.11,-1.0587,14300,148431000,0,0,14300,148431000
8/9/23,FUEDCMID,HOSE,10.48,11.21,9.75,10.39,10.48,10.48,10.32,10.39,10.39,10.48,10.48,10.32,10.39,-0.09,-0.09,-0.8588,62400,648543000,0,0,62400,648543000
8/8/23,FUEDCMID,HOSE,10.48,11.21,9.75,10.48,10.48,10.53,10.48,10.5,10.48,10.48,10.53,10.48,10.5,0,0,0,11100,116531000,0,0,11100,116531000
8/7/23,FUEDCMID,HOSE,10.41,11.13,9.69,10.48,10.48,10.48,10.42,10.44,10.48,10.48,10.48,10.42,10.44,0.07,0.07,0.6724,25800,269444000,0,0,25800,269444000
8/4/23,FUEDCMID,HOSE,10.24,10.95,9.53,10.41,10.36,10.41,10.18,10.25,10.41,10.36,10.41,10.18,10.25,0.17,0.17,1.6602,6800,69720000,0,0,6800,69720000
8/3/23,FUEDCMID,HOSE,10.3,11.02,9.58,10.24,10.25,10.34,10.24,10.32,10.24,10.25,10.34,10.24,10.32,-0.06,-0.06,-0.5825,3900,40249000,0,0,3900,40249000
8/2/23,FUEDCMID,HOSE,10.29,11.01,9.57,10.3,10.12,10.3,10.12,10.16,10.3,10.12,10.3,10.12,10.16,0.01,0.01,0.0972,28900,293499000,0,0,28900,293499000
8/1/23,FUEDCMID,HOSE,10.57,11.3,9.84,10.29,10.57,10.57,10.17,10.31,10.29,10.57,10.57,10.17,10.31,-0.28,-0.28,-2.649,52300,539401000,0,0,52300,539401000
7/31/23,FUEDCMID,HOSE,10.19,10.9,9.48,10.57,10.32,10.57,10.28,10.54,10.57,10.32,10.57,10.28,10.54,0.38,0.38,3.7291,6400,67483000,0,0,6400,67483000
7/28/23,FUEDCMID,HOSE,10.06,10.76,9.36,10.19,10.05,10.25,10.05,10.12,10.19,10.05,10.25,10.05,10.12,0.13,0.13,1.2922,35600,360162000,0,0,35600,360162000
7/27/23,FUEDCMID,HOSE,10.06,10.76,9.36,10.06,10.06,10.09,10.02,10.06,10.06,10.06,10.09,10.02,10.06,0,0,0,2300,23149000,0,0,2300,23149000
7/26/23,FUEDCMID,HOSE,10.03,10.73,9.33,10.06,10.05,10.06,10.05,10.05,10.06,10.05,10.06,10.05,10.05,0.03,0.03,0.2991,600,6031000,0,0,600,6031000
7/25/23,FUEDCMID,HOSE,10.07,10.77,9.37,10.03,10.1,10.1,10.03,10.06,10.03,10.1,10.1,10.03,10.06,-0.04,-0.04,-0.3972,1900,19114000,0,0,1900,19114000
7/24/23,FUEDCMID,HOSE,9.95,10.64,9.26,10.07,10,10.07,9.99,10.02,10.07,10,10.07,9.99,10.02,0.12,0.12,1.206,8100,81163000,0,0,8100,81163000
7/21/23,FUEDCMID,HOSE,9.8,10.48,9.12,9.95,9.77,9.95,9.77,9.82,9.95,9.77,9.95,9.77,9.82,0.15,0.15,1.5306,9100,89340000,0,0,9100,89340000
7/20/23,FUEDCMID,HOSE,9.78,10.46,9.1,9.8,9.8,9.8,9.75,9.77,9.8,9.8,9.8,9.75,9.77,0.02,0.02,0.2045,2100,20511000,0,0,2100,20511000
7/19/23,FUEDCMID,HOSE,9.89,10.58,9.2,9.78,9.8,9.81,9.78,9.8,9.78,9.8,9.81,9.78,9.8,-0.11,-0.11,-1.1122,7100,69560000,0,0,7100,69560000
7/18/23,FUEDCMID,HOSE,9.79,10.47,9.11,9.89,9.79,9.89,9.71,9.77,9.89,9.79,9.89,9.71,9.77,0.1,0.1,1.0215,3800,37128000,0,0,3800,37128000
7/17/23,FUEDCMID,HOSE,9.69,10.36,9.02,9.79,9.84,9.84,9.75,9.76,9.79,9.84,9.84,9.75,9.76,0.1,0.1,1.032,5200,50752000,0,0,5200,50752000
7/14/23,FUEDCMID,HOSE,9.61,10.28,8.94,9.69,9.69,9.69,9.62,9.68,9.69,9.69,9.69,9.62,9.68,0.08,0.08,0.8325,1400,13554000,0,0,1400,13554000
7/13/23,FUEDCMID,HOSE,9.95,10.64,9.26,9.61,9.57,9.61,9.52,9.56,9.61,9.57,9.61,9.52,9.56,-0.34,-0.34,-3.4171,10000,95607000,0,0,10000,95607000
7/12/23,FUEDCMID,HOSE,9.52,10.18,8.86,9.95,9.52,9.95,9.46,9.52,9.95,9.52,9.95,9.46,9.52,0.43,0.43,4.5168,23000,218964000,0,0,23000,218964000
7/11/23,FUEDCMID,HOSE,9.49,10.15,8.83,9.52,9.51,9.59,9.5,9.51,9.52,9.51,9.59,9.5,9.51,0.03,0.03,0.3161,18400,175074000,0,0,18400,175074000
7/10/23,FUEDCMID,HOSE,9.35,10,8.7,9.49,9.4,9.49,9.4,9.45,9.49,9.4,9.49,9.4,9.45,0.14,0.14,1.4973,10200,96348000,0,0,10200,96348000
7/7/23,FUEDCMID,HOSE,9.24,9.88,8.6,9.35,9.26,9.35,9.26,9.34,9.35,9.26,9.35,9.26,9.34,0.11,0.11,1.1905,3300,30811000,0,0,3300,30811000
7/6/23,FUEDCMID,HOSE,9.37,10.02,8.72,9.24,9.18,9.35,9.18,9.26,9.24,9.18,9.35,9.18,9.26,-0.13,-0.13,-1.3874,43100,399013000,0,0,43100,399013000
7/5/23,FUEDCMID,HOSE,9.23,9.87,8.59,9.37,9.27,9.37,9.27,9.32,9.37,9.27,9.37,9.27,9.32,0.14,0.14,1.5168,32400,301961000,0,0,32400,301961000
7/4/23,FUEDCMID,HOSE,9.17,9.81,8.53,9.23,9.17,9.23,9.15,9.18,9.23,9.17,9.23,9.15,9.18,0.06,0.06,0.6543,40600,372574000,0,0,40600,372574000
7/3/23,FUEDCMID,HOSE,9.19,9.83,8.55,9.17,9.21,9.21,9.17,9.18,9.17,9.21,9.21,9.17,9.18,-0.02,-0.02,-0.2176,15300,140483000,0,0,15300,140483000
6/30/23,FUEDCMID,HOSE,9.12,9.75,8.49,9.19,9.11,9.19,9.11,9.13,9.19,9.11,9.19,9.11,9.13,0.07,0.07,0.7675,600,5480000,0,0,600,5480000
6/29/23,FUEDCMID,HOSE,9.31,9.96,8.66,9.12,9.31,9.31,9.12,9.25,9.12,9.31,9.31,9.12,9.25,-0.19,-0.19,-2.0408,19300,178592000,0,0,19300,178592000
6/28/23,FUEDCMID,HOSE,9.29,9.94,8.64,9.31,9.37,9.37,9.27,9.31,9.31,9.37,9.37,9.27,9.31,0.02,0.02,0.2153,2500,23265000,0,0,2500,23265000
6/27/23,FUEDCMID,HOSE,9.2,9.84,8.56,9.29,9.3,9.3,9.24,9.27,9.29,9.3,9.3,9.24,9.27,0.09,0.09,0.9783,700,6492000,0,0,700,6492000
6/26/23,FUEDCMID,HOSE,9.34,9.99,8.69,9.2,9.34,9.34,9.14,9.22,9.2,9.34,9.34,9.14,9.22,-0.14,-0.14,-1.4989,14100,130013000,0,0,14100,130013000
6/23/23,FUEDCMID,HOSE,9.3,9.95,8.65,9.34,9.35,9.35,9.22,9.27,9.34,9.35,9.35,9.22,9.27,0.04,0.04,0.4301,71600,663662000,0,0,71600,663662000
6/22/23,FUEDCMID,HOSE,9.17,9.81,8.53,9.3,9.25,9.31,9.25,9.28,9.3,9.25,9.31,9.25,9.28,0.13,0.13,1.4177,37200,345143000,330000,3056130000,367200,3401273000
6/21/23,FUEDCMID,HOSE,9,9.63,8.37,9.17,9.02,9.17,8.96,9.05,9.17,9.02,9.17,8.96,9.05,0.17,0.17,1.8889,73600,666430000,0,0,73600,666430000
6/20/23,FUEDCMID,HOSE,8.96,9.58,8.34,9,8.97,9.02,8.93,8.98,9,8.97,9.02,8.93,8.98,0.04,0.04,0.4464,17700,159008000,0,0,17700,159008000
6/19/23,FUEDCMID,HOSE,9.14,9.77,8.51,8.96,9.1,9.1,8.96,8.98,8.96,9.1,9.1,8.96,8.98,-0.18,-0.18,-1.9694,6200,55659000,0,0,6200,55659000
6/16/23,FUEDCMID,HOSE,9.06,9.69,8.43,9.14,9.01,9.14,8.96,8.99,9.14,9.01,9.14,8.96,8.99,0.08,0.08,0.883,20700,186062000,0,0,20700,186062000
6/15/23,FUEDCMID,HOSE,9.05,9.68,8.42,9.06,9.03,9.06,8.97,8.99,9.06,9.03,9.06,8.97,8.99,0.01,0.01,0.1105,6400,57566000,0,0,6400,57566000
6/14/23,FUEDCMID,HOSE,9.13,9.76,8.5,9.05,9.14,9.15,9.05,9.11,9.05,9.14,9.15,9.05,9.11,-0.08,-0.08,-0.8762,15000,136627000,0,0,15000,136627000
6/13/23,FUEDCMID,HOSE,9.06,9.69,8.43,9.13,9.14,9.14,9.1,9.12,9.13,9.14,9.14,9.1,9.12,0.07,0.07,0.7726,2200,20057000,0,0,2200,20057000
6/12/23,FUEDCMID,HOSE,8.95,9.57,8.33,9.06,9.01,9.06,8.95,9.01,9.06,9.01,9.06,8.95,9.01,0.11,0.11,1.2291,28000,252336000,0,0,28000,252336000
6/9/23,FUEDCMID,HOSE,8.99,9.61,8.37,8.95,8.9,8.96,8.9,8.93,8.95,8.9,8.96,8.9,8.93,-0.04,-0.04,-0.4449,27500,245648000,150000,1339800000,177500,1585448000
6/8/23,FUEDCMID,HOSE,9,9.63,8.37,8.99,9.02,9.07,8.99,9,8.99,9.02,9.07,8.99,9,-0.01,-0.01,-0.1111,6500,58487000,0,0,6500,58487000
6/7/23,FUEDCMID,HOSE,8.99,9.61,8.37,9,8.99,9,8.99,9,9,8.99,9,8.99,9,0.01,0.01,0.1112,1800,16197000,0,0,1800,16197000
6/6/23,FUEDCMID,HOSE,8.89,9.51,8.27,8.99,8.89,8.99,8.87,8.91,8.99,8.89,8.99,8.87,8.91,0.1,0.1,1.1249,3500,31190000,0,0,3500,31190000
6/5/23,FUEDCMID,HOSE,8.99,9.61,8.37,8.89,8.95,9.03,8.89,8.96,8.89,8.95,9.03,8.89,8.96,-0.1,-0.1,-1.1123,6800,60907000,210000,1880760000,216800,1941667000
6/2/23,FUEDCMID,HOSE,9.05,9.68,8.42,8.99,9.05,9.05,8.76,8.89,8.99,9.05,9.05,8.76,8.89,-0.06,-0.06,-0.663,14000,124418000,0,0,14000,124418000
6/1/23,FUEDCMID,HOSE,8.8,9.41,8.19,9.05,8.71,9.06,8.68,8.74,9.05,8.71,9.06,8.68,8.74,0.25,0.25,2.8409,23500,205425000,330000,2884530000,353500,3089955000
5/31/23,FUEDCMID,HOSE,8.6,9.2,8,8.8,8.65,8.8,8.62,8.67,8.8,8.65,8.8,8.62,8.67,0.2,0.2,2.3256,8000,69337000,0,0,8000,69337000
5/30/23,FUEDCMID,HOSE,8.59,9.19,7.99,8.6,8.62,8.67,8.6,8.63,8.6,8.62,8.67,8.6,8.63,0.01,0.01,0.1164,1900,16394000,0,0,1900,16394000
5/29/23,FUEDCMID,HOSE,8.45,9.04,7.86,8.59,8.5,8.59,8.5,8.57,8.59,8.5,8.59,8.5,8.57,0.14,0.14,1.6568,60500,518656000,0,0,60500,518656000
5/26/23,FUEDCMID,HOSE,8.5,9.09,7.91,8.45,8.5,8.5,8.45,8.45,8.45,8.5,8.5,8.45,8.45,-0.05,-0.05,-0.5882,45200,382156000,0,0,45200,382156000
5/25/23,FUEDCMID,HOSE,8.45,9.04,7.86,8.5,8.56,8.56,8.3,8.34,8.5,8.56,8.56,8.3,8.34,0.05,0.05,0.5917,255500,2130751000,0,0,255500,2130751000
5/24/23,FUEDCMID,HOSE,8.45,9.04,7.86,8.45,8.45,8.45,8.38,8.38,8.45,8.45,8.45,8.38,8.38,0,0,0,42800,358868000,0,0,42800,358868000
5/23/23,FUEDCMID,HOSE,8.44,9.03,7.85,8.45,8.41,8.55,8.41,8.45,8.45,8.41,8.55,8.41,8.45,0.01,0.01,0.1185,3300,27888000,0,0,3300,27888000
5/22/23,FUEDCMID,HOSE,8.36,8.94,7.78,8.44,8.36,8.67,8.36,8.43,8.44,8.36,8.67,8.36,8.43,0.08,0.08,0.9569,10200,85952000,0,0,10200,85952000
5/19/23,FUEDCMID,HOSE,8.49,9.08,7.9,8.36,8.42,8.42,8.33,8.36,8.36,8.42,8.42,8.33,8.36,-0.13,-0.13,-1.5312,3300,27594000,0,0,3300,27594000
5/18/23,FUEDCMID,HOSE,8.43,9.02,7.84,8.49,8.42,8.49,8.42,8.43,8.49,8.42,8.49,8.42,8.43,0.06,0.06,0.7117,19100,160937000,0,0,19100,160937000
5/17/23,FUEDCMID,HOSE,8.55,9.14,7.96,8.43,8.51,8.51,8.43,8.44,8.43,8.51,8.51,8.43,8.44,-0.12,-0.12,-1.4035,19900,168042000,0,0,19900,168042000
5/16/23,FUEDCMID,HOSE,8.53,9.12,7.94,8.55,8.48,8.55,8.41,8.43,8.55,8.48,8.55,8.41,8.43,0.02,0.02,0.2345,132400,1116529000,0,0,132400,1116529000
5/15/23,FUEDCMID,HOSE,8.55,9.14,7.96,8.53,8.6,8.6,8.53,8.58,8.53,8.6,8.6,8.53,8.58,-0.02,-0.02,-0.2339,14700,126088000,0,0,14700,126088000
5/12/23,FUEDCMID,HOSE,8.5,9.09,7.91,8.55,8.48,8.55,8.48,8.5,8.55,8.48,8.55,8.48,8.5,0.05,0.05,0.5882,9500,80770000,0,0,9500,80770000
5/11/23,FUEDCMID,HOSE,8.5,9.09,7.91,8.5,8.53,8.54,8.46,8.47,8.5,8.53,8.54,8.46,8.47,0,0,0,6200,52527000,0,0,6200,52527000
5/10/23,FUEDCMID,HOSE,8.6,9.2,8,8.5,8.46,8.5,8.45,8.46,8.5,8.46,8.5,8.45,8.46,-0.1,-0.1,-1.1628,36800,311293000,0,0,36800,311293000
5/9/23,FUEDCMID,HOSE,8.35,8.93,7.77,8.6,8.42,8.6,8.4,8.47,8.6,8.42,8.6,8.4,8.47,0.25,0.25,2.994,3300,27943000,0,0,3300,27943000
5/8/23,FUEDCMID,HOSE,8.32,8.9,7.74,8.35,8.35,8.35,8.35,8.35,8.35,8.35,8.35,8.35,8.35,0.03,0.03,0.3606,8100,67635000,0,0,8100,67635000
5/5/23,FUEDCMID,HOSE,8.29,8.87,7.71,8.32,8.29,8.33,8.29,8.3,8.32,8.29,8.33,8.29,8.3,0.03,0.03,0.3619,12500,103706000,0,0,12500,103706000
5/4/23,FUEDCMID,HOSE,8.5,9.09,7.91,8.29,8.6,8.6,8.29,8.34,8.29,8.6,8.6,8.29,8.34,-0.21,-0.21,-2.4706,68900,574930000,0,0,68900,574930000
4/28/23,FUEDCMID,HOSE,8.32,8.9,7.74,8.5,8.53,8.53,8.29,8.4,8.5,8.53,8.53,8.29,8.4,0.18,0.18,2.1635,11100,93255000,0,0,11100,93255000
4/27/23,FUEDCMID,HOSE,8.09,8.65,7.53,8.32,8.23,8.34,8.21,8.27,8.32,8.23,8.34,8.21,8.27,0.23,0.23,2.843,35800,295913000,0,0,35800,295913000
4/26/23,FUEDCMID,HOSE,8.15,8.72,7.58,8.09,8.11,8.11,8.06,8.08,8.09,8.11,8.11,8.06,8.08,-0.06,-0.06,-0.7362,6300,50905000,0,0,6300,50905000
4/25/23,FUEDCMID,HOSE,8.21,8.78,7.64,8.15,8.27,8.28,8.15,8.19,8.15,8.27,8.28,8.15,8.19,-0.06,-0.06,-0.7308,4100,33576000,0,0,4100,33576000
4/24/23,FUEDCMID,HOSE,8.24,8.81,7.67,8.21,8.2,8.29,8.2,8.22,8.21,8.2,8.29,8.2,8.22,-0.03,-0.03,-0.3641,1100,9044000,0,0,1100,9044000
4/21/23,FUEDCMID,HOSE,8.5,9.09,7.91,8.24,8.26,8.29,8.23,8.26,8.24,8.26,8.29,8.23,8.26,-0.26,-0.26,-3.0588,30600,252900000,0,0,30600,252900000
4/20/23,FUEDCMID,HOSE,8.38,8.96,7.8,8.5,8.31,8.5,8.26,8.31,8.5,8.31,8.5,8.26,8.31,0.12,0.12,1.432,4600,38212000,0,0,4600,38212000
4/19/23,FUEDCMID,HOSE,8.35,8.93,7.77,8.38,8.32,8.38,8.28,8.33,8.38,8.32,8.38,8.28,8.33,0.03,0.03,0.3593,2200,18315000,0,0,2200,18315000
4/18/23,FUEDCMID,HOSE,8.35,8.93,7.77,8.35,8.39,8.39,8.3,8.35,8.35,8.39,8.39,8.3,8.35,0,0,0,3500,29224000,0,0,3500,29224000
4/17/23,FUEDCMID,HOSE,8.35,8.93,7.77,8.35,8.52,8.52,8.35,8.44,8.35,8.52,8.52,8.35,8.44,0,0,0,200,1687000,0,0,200,1687000
4/14/23,FUEDCMID,HOSE,8.45,9.04,7.86,8.35,8.47,8.47,8.35,8.41,8.35,8.47,8.47,8.35,8.41,-0.1,-0.1,-1.1834,4600,38669000,0,0,4600,38669000
4/13/23,FUEDCMID,HOSE,8.48,9.07,7.89,8.45,8.53,8.53,8.45,8.49,8.45,8.53,8.53,8.45,8.49,-0.03,-0.03,-0.3538,1400,11885000,0,0,1400,11885000
4/12/23,FUEDCMID,HOSE,8.43,9.02,7.84,8.48,8.43,8.49,8.38,8.43,8.48,8.43,8.49,8.38,8.43,0.05,0.05,0.5931,10000,84250000,0,0,10000,84250000
4/11/23,FUEDCMID,HOSE,8.43,9.02,7.84,8.43,8.37,8.43,8.3,8.31,8.43,8.37,8.43,8.3,8.31,0,0,0,6400,53197000,0,0,6400,53197000
4/10/23,FUEDCMID,HOSE,8.29,8.87,7.71,8.43,8.43,8.43,8.35,8.4,8.43,8.43,8.43,8.35,8.4,0.14,0.14,1.6888,1800,15128000,0,0,1800,15128000
4/7/23,FUEDCMID,HOSE,8.41,8.99,7.83,8.29,8.58,8.58,8.28,8.33,8.29,8.58,8.58,8.28,8.33,-0.12,-0.12,-1.4269,4500,37472000,0,0,4500,37472000
4/6/23,FUEDCMID,HOSE,8.39,8.97,7.81,8.41,8.55,8.55,8.4,8.43,8.41,8.55,8.55,8.4,8.43,0.02,0.02,0.2384,10500,88484000,0,0,10500,88484000
4/5/23,FUEDCMID,HOSE,8.3,8.88,7.72,8.39,8.45,8.45,8.31,8.39,8.39,8.45,8.45,8.31,8.39,0.09,0.09,1.0843,24300,203993000,0,0,24300,203993000
4/4/23,FUEDCMID,HOSE,8.25,8.82,7.68,8.3,8.27,8.3,8.27,8.27,8.3,8.27,8.3,8.27,8.27,0.05,0.05,0.6061,16500,136476000,0,0,16500,136476000
4/3/23,FUEDCMID,HOSE,8.15,8.72,7.58,8.25,8.22,8.25,8.16,8.21,8.25,8.22,8.25,8.16,8.21,0.1,0.1,1.227,26000,213493000,0,0,26000,213493000
3/31/23,FUEDCMID,HOSE,8.16,8.73,7.59,8.15,8.17,8.18,8.15,8.16,8.15,8.17,8.18,8.15,8.16,-0.01,-0.01,-0.1225,7100,57940000,0,0,7100,57940000
3/30/23,FUEDCMID,HOSE,8.1,8.66,7.54,8.16,8.14,8.19,8.14,8.17,8.16,8.14,8.19,8.14,8.17,0.06,0.06,0.7407,27000,220623000,0,0,27000,220623000
3/29/23,FUEDCMID,HOSE,8.1,8.66,7.54,8.1,8.1,8.1,8.09,8.1,8.1,8.1,8.1,8.09,8.1,0,0,0,2700,21867000,0,0,2700,21867000
3/28/23,FUEDCMID,HOSE,8.07,8.63,7.51,8.1,8.11,8.14,8.08,8.11,8.1,8.11,8.14,8.08,8.11,0.03,0.03,0.3717,8300,67298000,0,0,8300,67298000
3/27/23,FUEDCMID,HOSE,8.07,8.63,7.51,8.07,8.06,8.08,8.06,8.07,8.07,8.06,8.08,8.06,8.07,0,0,0,1000,8069000,0,0,1000,8069000
3/24/23,FUEDCMID,HOSE,7.94,8.49,7.39,8.07,8,8.07,8,8.01,8.07,8,8.07,8,8.01,0.13,0.13,1.6373,15900,127355000,0,0,15900,127355000
3/23/23,FUEDCMID,HOSE,7.96,8.51,7.41,7.94,7.9,7.94,7.9,7.93,7.94,7.9,7.94,7.9,7.93,-0.02,-0.02,-0.2513,10800,85690000,0,0,10800,85690000
3/22/23,FUEDCMID,HOSE,7.88,8.43,7.33,7.96,7.98,7.98,7.96,7.97,7.96,7.98,7.98,7.96,7.97,0.08,0.08,1.0152,400,3188000,0,0,400,3188000
3/21/23,FUEDCMID,HOSE,7.86,8.41,7.31,7.88,7.86,7.88,7.79,7.81,7.88,7.86,7.88,7.79,7.81,0.02,0.02,0.2545,9800,76567000,0,0,9800,76567000
3/20/23,FUEDCMID,HOSE,8.04,8.6,7.48,7.86,7.93,7.97,7.85,7.9,7.86,7.93,7.97,7.85,7.9,-0.18,-0.18,-2.2388,5000,39491000,0,0,5000,39491000
3/17/23,FUEDCMID,HOSE,7.96,8.51,7.41,8.04,8.07,8.07,7.94,7.99,8.04,8.07,8.07,7.94,7.99,0.08,0.08,1.005,1200,9582000,0,0,1200,9582000
3/16/23,FUEDCMID,HOSE,8.16,8.73,7.59,7.96,8.06,8.06,7.95,8.01,7.96,8.06,8.06,7.95,8.01,-0.2,-0.2,-2.451,6000,48051000,0,0,6000,48051000
3/15/23,FUEDCMID,HOSE,8.07,8.63,7.51,8.16,8.06,8.16,8,8.1,8.16,8.06,8.16,8,8.1,0.09,0.09,1.1152,5500,44549000,0,0,5500,44549000
3/14/23,FUEDCMID,HOSE,8.08,8.64,7.52,8.07,8.08,8.09,7.83,7.92,8.07,8.08,8.09,7.83,7.92,-0.01,-0.01,-0.1238,35200,278850000,0,0,35200,278850000
3/13/23,FUEDCMID,HOSE,8.09,8.65,7.53,8.08,8.1,8.15,8.07,8.11,8.08,8.1,8.15,8.07,8.11,-0.01,-0.01,-0.1236,21600,175087000,0,0,21600,175087000
3/10/23,FUEDCMID,HOSE,8.17,8.74,7.6,8.09,8.13,8.13,8.08,8.09,8.09,8.13,8.13,8.08,8.09,-0.08,-0.08,-0.9792,2700,21846000,0,0,2700,21846000
3/9/23,FUEDCMID,HOSE,7.93,8.48,7.38,8.17,8.17,8.19,8.07,8.13,8.17,8.17,8.19,8.07,8.13,0.24,0.24,3.0265,6300,51188000,0,0,6300,51188000
3/8/23,FUEDCMID,HOSE,8,8.56,7.44,7.93,8,8,7.92,7.93,7.93,8,8,7.92,7.93,-0.07,-0.07,-0.875,10900,86440000,0,0,10900,86440000
3/7/23,FUEDCMID,HOSE,7.9,8.45,7.35,8,8.06,8.06,7.99,8.01,8,8.06,8.06,7.99,8.01,0.1,0.1,1.2658,4400,35249000,0,0,4400,35249000
3/6/23,FUEDCMID,HOSE,7.85,8.39,7.31,7.9,8.33,8.33,7.87,7.93,7.9,8.33,8.33,7.87,7.93,0.05,0.05,0.6369,8900,70577000,0,0,8900,70577000
3/3/23,FUEDCMID,HOSE,7.92,8.47,7.37,7.85,7.96,7.96,7.85,7.89,7.85,7.96,7.96,7.85,7.89,-0.07,-0.07,-0.8838,4200,33118000,0,0,4200,33118000
3/2/23,FUEDCMID,HOSE,7.92,8.47,7.37,7.92,8,8,7.92,7.96,7.92,8,8,7.92,7.96,0,0,0,2000,15910000,0,0,2000,15910000
3/1/23,FUEDCMID,HOSE,7.82,8.36,7.28,7.92,7.8,7.92,7.77,7.79,7.92,7.8,7.92,7.77,7.79,0.1,0.1,1.2788,4300,33482000,0,0,4300,33482000
2/28/23,FUEDCMID,HOSE,7.98,8.53,7.43,7.82,7.95,7.95,7.82,7.86,7.82,7.95,7.95,7.82,7.86,-0.16,-0.16,-2.005,10500,82545000,0,0,10500,82545000
2/27/23,FUEDCMID,HOSE,8.08,8.64,7.52,7.98,7.9,7.98,7.82,7.88,7.98,7.9,7.98,7.82,7.88,-0.1,-0.1,-1.2376,7200,56771000,0,0,7200,56771000
2/24/23,FUEDCMID,HOSE,8.05,8.61,7.49,8.08,8.16,8.17,8,8.09,8.08,8.16,8.17,8,8.09,0.03,0.03,0.3727,5300,42852000,0,0,5300,42852000
2/23/23,FUEDCMID,HOSE,8.26,8.83,7.69,8.05,8.17,8.17,8.01,8.06,8.05,8.17,8.17,8.01,8.06,-0.21,-0.21,-2.5424,12500,100803000,0,0,12500,100803000
2/22/23,FUEDCMID,HOSE,8.45,9.04,7.86,8.26,8.45,8.45,8.25,8.3,8.26,8.45,8.45,8.25,8.3,-0.19,-0.19,-2.2485,12600,104632000,0,0,12600,104632000
2/21/23,FUEDCMID,HOSE,8.46,9.05,7.87,8.45,8.53,8.53,8.44,8.48,8.45,8.53,8.53,8.44,8.48,-0.01,-0.01,-0.1182,6800,57648000,0,0,6800,57648000
2/20/23,FUEDCMID,HOSE,8.12,8.68,7.56,8.46,8.29,8.46,8.29,8.33,8.46,8.29,8.46,8.29,8.33,0.34,0.34,4.1872,8400,69947000,0,0,8400,69947000
2/17/23,FUEDCMID,HOSE,8.13,8.69,7.57,8.12,8.15,8.16,8.1,8.14,8.12,8.15,8.16,8.1,8.14,-0.01,-0.01,-0.123,2100,17094000,0,0,2100,17094000
2/16/23,FUEDCMID,HOSE,8.05,8.61,7.49,8.13,8.05,8.13,8.05,8.12,8.13,8.05,8.13,8.05,8.12,0.08,0.08,0.9938,1600,12992000,0,0,1600,12992000
2/15/23,FUEDCMID,HOSE,7.97,8.52,7.42,8.05,7.99,8.11,7.99,8.06,8.05,7.99,8.11,7.99,8.06,0.08,0.08,1.0038,3900,31434000,0,0,3900,31434000
2/14/23,FUEDCMID,HOSE,7.97,8.52,7.42,7.97,8,8.01,7.97,7.99,7.97,8,8.01,7.97,7.99,0,0,0,1900,15187000,0,0,1900,15187000
2/13/23,FUEDCMID,HOSE,8.16,8.73,7.59,7.97,8.01,8.13,7.96,8.05,7.97,8.01,8.13,7.96,8.05,-0.19,-0.19,-2.3284,27200,218896000,0,0,27200,218896000
2/10/23,FUEDCMID,HOSE,8.23,8.8,7.66,8.16,8.2,8.21,8.16,8.19,8.16,8.2,8.21,8.16,8.19,-0.07,-0.07,-0.8505,3100,25398000,0,0,3100,25398000
2/9/23,FUEDCMID,HOSE,8.28,8.85,7.71,8.23,8.3,8.32,8.23,8.28,8.23,8.3,8.32,8.23,8.28,-0.05,-0.05,-0.6039,9400,77850000,0,0,9400,77850000
2/8/23,FUEDCMID,HOSE,8.31,8.89,7.73,8.28,8.31,8.41,8.24,8.31,8.28,8.31,8.41,8.24,8.31,-0.03,-0.03,-0.361,6700,55693000,0,0,6700,55693000
2/7/23,FUEDCMID,HOSE,8.5,9.09,7.91,8.31,8.5,8.5,8.31,8.38,8.31,8.5,8.5,8.31,8.38,-0.19,-0.19,-2.2353,3700,31018000,0,0,3700,31018000
2/6/23,FUEDCMID,HOSE,8.5,9.09,7.91,8.5,8.44,8.5,8.37,8.4,8.5,8.44,8.5,8.37,8.4,0,0,0,23500,197354000,0,0,23500,197354000
2/3/23,FUEDCMID,HOSE,8.42,9,7.84,8.5,8.53,8.54,8.48,8.52,8.5,8.53,8.54,8.48,8.52,0.08,0.08,0.9501,2100,17882000,0,0,2100,17882000
2/2/23,FUEDCMID,HOSE,8.67,9.27,8.07,8.42,8.67,8.67,8.42,8.55,8.42,8.67,8.67,8.42,8.55,-0.25,-0.25,-2.8835,8200,70093000,0,0,8200,70093000
2/1/23,FUEDCMID,HOSE,8.77,9.38,8.16,8.67,8.85,8.92,8.54,8.7,8.67,8.85,8.92,8.54,8.7,-0.1,-0.1,-1.1403,21600,187845000,0,0,21600,187845000
1/31/23,FUEDCMID,HOSE,8.74,9.35,8.13,8.77,8.74,8.78,8.7,8.75,8.77,8.74,8.78,8.7,8.75,0.03,0.03,0.3432,7800,68252000,0,0,7800,68252000
1/30/23,FUEDCMID,HOSE,8.7,9.3,8.1,8.74,8.71,8.8,8.7,8.75,8.74,8.71,8.8,8.7,8.75,0.04,0.04,0.4598,3700,32378000,0,0,3700,32378000
1/27/23,FUEDCMID,HOSE,8.72,9.33,8.11,8.7,8.89,8.9,8.7,8.84,8.7,8.89,8.9,8.7,8.84,-0.02,-0.02,-0.2294,31000,274043000,0,0,31000,274043000
1/19/23,FUEDCMID,HOSE,8.63,9.23,8.03,8.72,8.65,8.77,8.65,8.74,8.72,8.65,8.77,8.65,8.74,0.09,0.09,1.0429,2800,24461000,0,0,2800,24461000
1/18/23,FUEDCMID,HOSE,8.6,9.2,8,8.63,8.63,8.7,8.6,8.64,8.63,8.63,8.7,8.6,8.64,0.03,0.03,0.3488,5500,47509000,0,0,5500,47509000
1/17/23,FUEDCMID,HOSE,8.49,9.08,7.9,8.6,8.49,8.6,8.47,8.51,8.6,8.49,8.6,8.47,8.51,0.11,0.11,1.2956,10600,90250000,0,0,10600,90250000
1/16/23,FUEDCMID,HOSE,8.41,8.99,7.83,8.49,8.42,8.5,8.4,8.45,8.49,8.42,8.5,8.4,8.45,0.08,0.08,0.9512,5200,43961000,0,0,5200,43961000
1/13/23,FUEDCMID,HOSE,8.35,8.93,7.77,8.41,8.4,8.41,8.36,8.4,8.41,8.4,8.41,8.36,8.4,0.06,0.06,0.7186,11500,96565000,0,0,11500,96565000
1/12/23,FUEDCMID,HOSE,8.45,9.04,7.86,8.35,8.45,8.45,8.33,8.37,8.35,8.45,8.45,8.33,8.37,-0.1,-0.1,-1.1834,2300,19261000,0,0,2300,19261000
1/11/23,FUEDCMID,HOSE,8.36,8.94,7.78,8.45,8.42,8.5,8.42,8.44,8.45,8.42,8.5,8.42,8.44,0.09,0.09,1.0766,1700,14345000,0,0,1700,14345000
1/10/23,FUEDCMID,HOSE,8.41,8.99,7.83,8.36,8.41,8.41,8.3,8.38,8.36,8.41,8.41,8.3,8.38,-0.05,-0.05,-0.5945,12500,104698000,0,0,12500,104698000
1/9/23,FUEDCMID,HOSE,8.45,9.04,7.86,8.41,8.5,8.5,8.41,8.46,8.41,8.5,8.5,8.41,8.46,-0.04,-0.04,-0.4734,1500,12686000,0,0,1500,12686000
1/6/23,FUEDCMID,HOSE,8.5,9.09,7.91,8.45,8.41,8.57,8.41,8.5,8.45,8.41,8.57,8.41,8.5,-0.05,-0.05,-0.5882,16100,136916000,0,0,16100,136916000
1/5/23,FUEDCMID,HOSE,8.4,8.98,7.82,8.5,8.4,8.5,8.37,8.41,8.5,8.4,8.5,8.37,8.41,0.1,0.1,1.1905,2900,24393000,0,0,2900,24393000
1/4/23,FUEDCMID,HOSE,8.4,8.98,7.82,8.4,8.47,8.5,8.4,8.46,8.4,8.47,8.5,8.4,8.46,0,0,0,27800,235066000,0,0,27800,235066000
1/3/23,FUEDCMID,HOSE,8.1,8.66,7.54,8.4,8.1,8.4,8.1,8.32,8.4,8.1,8.4,8.1,8.32,0.3,0.3,3.7037,17900,148946000,0,0,17900,148946000
12/30/22,FUEDCMID,HOSE,8.21,8.78,7.64,8.1,8,8.13,8,8.02,8.1,8,8.13,8,8.02,-0.11,-0.11,-1.3398,6100,48941000,0,0,6100,48941000
12/29/22,FUEDCMID,HOSE,8.3,8.88,7.72,8.21,8.19,8.22,8,8.01,8.21,8.19,8.22,8,8.01,-0.09,-0.09,-1.0843,8800,70504000,0,0,8800,70504000
12/28/22,FUEDCMID,HOSE,8,8.56,7.44,8.3,8,8.3,7.9,7.94,8.3,8,8.3,7.9,7.94,0.3,0.3,3.75,25000,198613000,0,0,25000,198613000
12/27/22,FUEDCMID,HOSE,7.81,8.35,7.27,8,7.8,8.02,7.8,7.9,8,7.8,8.02,7.8,7.9,0.19,0.19,2.4328,22700,179353000,0,0,22700,179353000
12/26/22,FUEDCMID,HOSE,8.11,8.67,7.55,7.81,8.11,8.12,7.81,8.02,7.81,8.11,8.12,7.81,8.02,-0.3,-0.3,-3.6991,11300,90617000,0,0,11300,90617000
12/23/22,FUEDCMID,HOSE,8.11,8.67,7.55,8.11,8.66,8.66,8.03,8.09,8.11,8.66,8.66,8.03,8.09,0,0,0,11700,94634000,0,0,11700,94634000
12/22/22,FUEDCMID,HOSE,8.16,8.73,7.59,8.11,8.19,8.19,8.11,8.15,8.11,8.19,8.19,8.11,8.15,-0.05,-0.05,-0.6127,5100,41568000,0,0,5100,41568000
12/21/22,FUEDCMID,HOSE,8.25,8.82,7.68,8.16,8.25,8.25,8.13,8.2,8.16,8.25,8.25,8.13,8.2,-0.09,-0.09,-1.0909,8300,68044000,0,0,8300,68044000
12/20/22,FUEDCMID,HOSE,8.5,9.09,7.91,8.25,8.29,8.39,8.12,8.28,8.25,8.29,8.39,8.12,8.28,-0.25,-0.25,-2.9412,216900,1796932000,0,0,216900,1796932000
12/19/22,FUEDCMID,HOSE,8.44,9.03,7.85,8.5,8.44,8.58,8.38,8.52,8.5,8.44,8.58,8.38,8.52,0.06,0.06,0.7109,75500,643369000,0,0,75500,643369000
12/16/22,FUEDCMID,HOSE,8.4,8.98,7.82,8.44,8.4,8.44,8.4,8.41,8.44,8.4,8.44,8.4,8.41,0.04,0.04,0.4762,4300,36156000,0,0,4300,36156000
12/15/22,FUEDCMID,HOSE,8.4,8.98,7.82,8.4,8.51,8.51,8.37,8.4,8.4,8.51,8.51,8.37,8.4,0,0,0,8800,73900000,0,0,8800,73900000
12/14/22,FUEDCMID,HOSE,8.68,9.28,8.08,8.4,8.45,8.46,8.39,8.378,8.4,8.45,8.46,8.39,8.378,-0.28,-0.28,-3.2258,3700,31182000,0,0,3700,31182000
12/13/22,FUEDCMID,HOSE,8.3,8.88,7.72,8.68,8.03,8.68,8.03,8.27,8.68,8.03,8.68,8.03,8.27,0.38,0.38,4.5783,23700,195979000,0,0,23700,195979000
12/12/22,FUEDCMID,HOSE,8.47,9.06,7.88,8.3,8.31,8.43,8.27,8.37,8.3,8.31,8.43,8.27,8.37,-0.17,-0.17,-2.0071,14300,119736000,0,0,14300,119736000
12/9/22,FUEDCMID,HOSE,8.4,8.98,7.82,8.47,8.28,8.47,8.18,8.27,8.47,8.28,8.47,8.18,8.27,0.07,0.07,0.8333,6600,54552000,0,0,6600,54552000
12/8/22,FUEDCMID,HOSE,7.97,8.52,7.42,8.4,8.24,8.44,8.18,8.35,8.4,8.24,8.44,8.18,8.35,0.43,0.43,5.3952,23500,196318000,0,0,23500,196318000
12/7/22,FUEDCMID,HOSE,8.1,8.66,7.54,7.97,8.14,8.14,7.97,8.02,7.97,8.14,8.14,7.97,8.02,-0.13,-0.13,-1.6049,11100,88981000,0,0,11100,88981000
12/6/22,FUEDCMID,HOSE,8.6,9.2,8,8.1,8.64,8.64,8.1,8.26,8.1,8.64,8.64,8.1,8.26,-0.5,-0.5,-5.814,19300,159353000,0,0,19300,159353000
12/5/22,FUEDCMID,HOSE,8.4,8.98,7.82,8.6,8.97,8.97,8.37,8.43,8.6,8.97,8.97,8.37,8.43,0.2,0.2,2.381,69000,581854000,0,0,69000,581854000
12/2/22,FUEDCMID,HOSE,8.04,8.6,7.48,8.4,7.94,8.4,7.9,7.98,8.4,7.94,8.4,7.9,7.98,0.36,0.36,4.4776,10900,86974000,0,0,10900,86974000
12/1/22,FUEDCMID,HOSE,8,8.56,7.44,8.04,8.39,8.39,8.04,8.2,8.04,8.39,8.39,8.04,8.2,0.04,0.04,0.5,14700,120486000,0,0,14700,120486000
11/30/22,FUEDCMID,HOSE,7.9,8.45,7.35,8,7.9,8.45,7.6,8.09,8,7.9,8.45,7.6,8.09,0.1,0.1,1.2658,6000,48562000,0,0,6000,48562000
11/29/22,FUEDCMID,HOSE,7.58,8.11,7.05,7.9,7.64,7.9,7.61,7.66,7.9,7.64,7.9,7.61,7.66,0.32,0.32,4.2216,11500,88123000,0,0,11500,88123000
11/28/22,FUEDCMID,HOSE,7.35,7.86,6.84,7.58,7.86,7.86,7.35,7.59,7.58,7.86,7.86,7.35,7.59,0.23,0.23,3.1293,17500,132769000,0,0,17500,132769000
11/25/22,FUEDCMID,HOSE,7,7.49,6.51,7.35,7.21,7.35,7.18,7.2,7.35,7.21,7.35,7.18,7.2,0.35,0.35,5,8100,58328000,0,0,8100,58328000
11/24/22,FUEDCMID,HOSE,7.07,7.56,6.58,7,7,7,7,7,7,7,7,7,7,-0.07,-0.07,-0.9901,200,1400000,0,0,200,1400000
11/23/22,FUEDCMID,HOSE,7.18,7.68,6.68,7.07,7.08,7.17,7.07,7.11,7.07,7.08,7.17,7.07,7.11,-0.11,-0.11,-1.532,700,4974000,0,0,700,4974000
11/22/22,FUEDCMID,HOSE,7.12,7.61,6.63,7.18,7.1,7.44,7.1,7.21,7.18,7.1,7.44,7.1,7.21,0.06,0.06,0.8427,8000,57657000,0,0,8000,57657000
11/21/22,FUEDCMID,HOSE,7.2,7.7,6.7,7.12,7.48,7.48,7.1,7.18,7.12,7.48,7.48,7.1,7.18,-0.08,-0.08,-1.1111,3500,25117000,0,0,3500,25117000
11/18/22,FUEDCMID,HOSE,7,7.49,6.51,7.2,7.14,7.2,7,7.09,7.2,7.14,7.2,7,7.09,0.2,0.2,2.8571,22900,162339000,0,0,22900,162339000
11/17/22,FUEDCMID,HOSE,6.91,7.39,6.43,7,6.99,7.05,6.94,6.98,7,6.99,7.05,6.94,6.98,0.09,0.09,1.3025,25700,179514000,0,0,25700,179514000
11/16/22,FUEDCMID,HOSE,6.59,7.05,6.13,6.91,6.55,6.93,6.35,6.54,6.91,6.55,6.93,6.35,6.54,0.32,0.32,4.8558,8400,54968000,0,0,8400,54968000
11/15/22,FUEDCMID,HOSE,6.91,7.39,6.43,6.59,6.91,6.91,6.5,6.64,6.59,6.91,6.91,6.5,6.64,-0.32,-0.32,-4.631,20500,136140000,0,0,20500,136140000
11/14/22,FUEDCMID,HOSE,7.24,7.74,6.74,6.91,7.01,7.2,6.9,6.99,6.91,7.01,7.2,6.9,6.99,-0.33,-0.33,-4.558,13500,94332000,0,0,13500,94332000
11/11/22,FUEDCMID,HOSE,7.25,7.75,6.75,7.24,7.33,7.35,7.24,7.28,7.24,7.33,7.35,7.24,7.28,-0.01,-0.01,-0.1379,3200,23305000,0,0,3200,23305000
11/10/22,FUEDCMID,HOSE,7.79,8.33,7.25,7.25,7.48,7.48,7.25,7.26,7.25,7.48,7.48,7.25,7.26,-0.54,-0.54,-6.932,133100,966215000,100000,753800000,233100,1720015000
11/9/22,FUEDCMID,HOSE,7.82,8.36,7.28,7.79,7.82,7.82,7.59,7.65,7.79,7.82,7.82,7.59,7.65,-0.03,-0.03,-0.3836,117700,900545000,0,0,117700,900545000
11/8/22,FUEDCMID,HOSE,7.76,8.3,7.22,7.82,7.5,7.82,7.45,7.52,7.82,7.5,7.82,7.45,7.52,0.06,0.06,0.7732,116800,878083000,0,0,116800,878083000
11/7/22,FUEDCMID,HOSE,7.99,8.54,7.44,7.76,7.9,7.92,7.51,7.64,7.76,7.9,7.92,7.51,7.64,-0.23,-0.23,-2.8786,114200,872029000,0,0,114200,872029000
11/4/22,FUEDCMID,HOSE,8.25,8.82,7.68,7.99,8,8,7.8,7.89,7.99,8,8,7.8,7.89,-0.26,-0.26,-3.1515,133300,1051310000,0,0,133300,1051310000
11/3/22,FUEDCMID,HOSE,8.15,8.72,7.58,8.25,8.02,8.25,8.02,8.12,8.25,8.02,8.25,8.02,8.12,0.1,0.1,1.227,101800,826581000,0,0,101800,826581000
11/2/22,FUEDCMID,HOSE,8.16,8.73,7.59,8.15,8.07,8.28,8.06,8.15,8.15,8.07,8.28,8.06,8.15,-0.01,-0.01,-0.1225,104400,850818000,0,0,104400,850818000
11/1/22,FUEDCMID,HOSE,8.45,9.04,7.86,8.16,8.43,8.43,8.14,8.22,8.16,8.43,8.43,8.14,8.22,-0.29,-0.29,-3.432,103800,852854000,0,0,103800,852854000
10/31/22,FUEDCMID,HOSE,8.22,8.79,7.65,8.45,8.22,8.45,8.02,8.17,8.45,8.22,8.45,8.02,8.17,0.23,0.23,2.7981,217100,1773287000,0,0,217100,1773287000
10/28/22,FUEDCMID,HOSE,8.2,8.77,7.63,8.22,8.22,8.37,8.22,8.25,8.22,8.22,8.37,8.22,8.25,0.02,0.02,0.2439,231600,1911199000,0,0,231600,1911199000
10/27/22,FUEDCMID,HOSE,7.86,8.41,7.31,8.2,7.93,8.2,7.73,7.88,8.2,7.93,8.2,7.73,7.88,0.34,0.34,4.3257,238400,1878979000,0,0,238400,1878979000
10/26/22,FUEDCMID,HOSE,7.86,8.41,7.31,7.86,8.02,8.04,7.8,7.89,7.86,8.02,8.04,7.8,7.89,0,0,0,226000,1783882000,0,0,226000,1783882000
10/25/22,FUEDCMID,HOSE,7.84,8.38,7.3,7.86,8.38,8.38,7.79,7.93,7.86,8.38,8.38,7.79,7.93,0.02,0.02,0.2551,344900,2735880000,0,0,344900,2735880000
10/24/22,FUEDCMID,HOSE,8.4,8.98,7.82,7.84,8.98,8.98,7.82,8.04,7.84,8.98,8.98,7.82,8.04,-0.56,-0.56,-6.6667,366700,2947327000,0,0,366700,2947327000
10/21/22,FUEDCMID,HOSE,8.72,9.33,8.11,8.4,8.62,8.62,8.25,8.37,8.4,8.62,8.62,8.25,8.37,-0.32,-0.32,-3.6697,348200,2913707000,0,0,348200,2913707000
10/20/22,FUEDCMID,HOSE,8.75,9.36,8.14,8.72,8.7,8.78,8.7,8.7,8.72,8.7,8.78,8.7,8.7,-0.03,-0.03,-0.3429,91300,794549000,0,0,91300,794549000
10/19/22,FUEDCMID,HOSE,8.8,9.41,8.19,8.75,8.77,8.79,8.71,8.76,8.75,8.77,8.79,8.71,8.76,-0.05,-0.05,-0.5682,182600,1599046000,0,0,182600,1599046000
10/18/22,FUEDCMID,HOSE,8.51,9.1,7.92,8.8,8.8,8.88,8.8,8.83,8.8,8.8,8.88,8.8,8.83,0.29,0.29,3.4078,336000,2967256000,0,0,336000,2967256000
10/17/22,FUEDCMID,HOSE,8.6,9.2,8,8.51,8.53,8.56,8.48,8.51,8.51,8.53,8.56,8.48,8.51,-0.09,-0.09,-1.0465,10800,91929000,0,0,10800,91929000
10/14/22,FUEDCMID,HOSE,8.5,9.09,7.91,8.6,8.77,8.77,8.45,8.58,8.6,8.77,8.77,8.45,8.58,0.1,0.1,1.1765,6700,57519000,0,0,6700,57519000
10/13/22,FUEDCMID,HOSE,8.25,8.82,7.68,8.5,8.2,8.5,8.16,8.18,8.5,8.2,8.5,8.16,8.18,0.25,0.25,3.0303,417100,3413079000,0,0,417100,3413079000
10/12/22,FUEDCMID,HOSE,8.1,8.66,7.54,8.25,8.1,8.35,8.05,8.25,8.25,8.1,8.35,8.05,8.25,0.15,0.15,1.8519,11400,94018000,0,0,11400,94018000
10/11/22,FUEDCMID,HOSE,8.4,8.98,7.82,8.1,8.38,8.38,8.1,8.29,8.1,8.38,8.38,8.1,8.29,-0.3,-0.3,-3.5714,19200,159079000,0,0,19200,159079000
10/10/22,FUEDCMID,HOSE,8.22,8.79,7.65,8.4,7.81,8.42,7.81,8.2,8.4,7.81,8.42,7.81,8.2,0.18,0.18,2.1898,9400,77096000,0,0,9400,77096000
10/7/22,FUEDCMID,HOSE,8.78,9.39,8.17,8.22,8.49,8.49,8.22,8.32,8.22,8.49,8.49,8.22,8.32,-0.56,-0.56,-6.3781,42700,355321000,0,0,42700,355321000
10/6/22,FUEDCMID,HOSE,9.12,9.75,8.49,8.78,9.13,9.13,8.78,8.86,8.78,9.13,9.13,8.78,8.86,-0.34,-0.34,-3.7281,48400,428703000,0,0,48400,428703000
10/5/22,FUEDCMID,HOSE,8.84,9.45,8.23,9.12,8.97,9.12,8.95,9.01,9.12,8.97,9.12,8.95,9.01,0.28,0.28,3.1674,13400,120750000,0,0,13400,120750000
10/4/22,FUEDCMID,HOSE,9.5,10.16,8.84,8.84,9.37,9.37,8.84,8.94,8.84,9.37,9.37,8.84,8.94,-0.66,-0.66,-6.9474,76500,683650000,0,0,76500,683650000
10/3/22,FUEDCMID,HOSE,10,10.7,9.3,9.5,10,10,9.3,9.38,9.5,10,10,9.3,9.38,-0.5,-0.5,-5,59700,560005000,0,0,59700,560005000
9/30/22,FUEDCMID,HOSE,10,10.7,9.3,10,9.72,10,9.39,9.44,10,9.72,10,9.39,9.44,0,0,0,144900,1367217000,3100000,31854100000,3244900,33221317000
9/29/22,FUEDCMID,HOSE,9.50213,11.4,7.61,10,10,10,9.5,9.63,10,10,10,9.5,9.63,0.49787,0.4979,5.2396,98900,952750000,0,0,98900,952750000